folder_name,job_name,timestamp
BraTS2021_00005,batches/0jq6nn2beq34bdj18m95jbrw6saq5iyfb5nw,2026-06-01T13:14:12
BraTS2021_00012,batches/0jq6nn2beq34bdj18m95jbrw6saq5iyfb5nw,2026-06-01T13:14:12
BraTS2021_00030,batches/0jq6nn2beq34bdj18m95jbrw6saq5iyfb5nw,2026-06-01T13:14:12
BraTS2021_00031,batches/0jq6nn2beq34bdj18m95jbrw6saq5iyfb5nw,2026-06-01T13:14:12
BraTS2021_00033,batches/0jq6nn2beq34bdj18m95jbrw6saq5iyfb5nw,2026-06-01T13:14:12
BraTS2021_00043,batches/0jq6nn2beq34bdj18m95jbrw6saq5iyfb5nw,2026-06-01T13:14:12
BraTS2021_00046,batches/0jq6nn2beq34bdj18m95jbrw6saq5iyfb5nw,2026-06-01T13:14:12
BraTS2021_00047,batches/0jq6nn2beq34bdj18m95jbrw6saq5iyfb5nw,2026-06-01T13:14:12
BraTS2021_00059,batches/0jq6nn2beq34bdj18m95jbrw6saq5iyfb5nw,2026-06-01T13:14:12
BraTS2021_00061,batches/0jq6nn2beq34bdj18m95jbrw6saq5iyfb5nw,2026-06-01T13:14:12
BraTS2021_00068,batches/0jq6nn2beq34bdj18m95jbrw6saq5iyfb5nw,2026-06-01T13:14:12
BraTS2021_00077,batches/0jq6nn2beq34bdj18m95jbrw6saq5iyfb5nw,2026-06-01T13:14:12
BraTS2021_00079,batches/0jq6nn2beq34bdj18m95jbrw6saq5iyfb5nw,2026-06-01T13:14:12
BraTS2021_00084,batches/0jq6nn2beq34bdj18m95jbrw6saq5iyfb5nw,2026-06-01T13:14:12
BraTS2021_00085,batches/0jq6nn2beq34bdj18m95jbrw6saq5iyfb5nw,2026-06-01T13:14:12
BraTS2021_00089,batches/0jq6nn2beq34bdj18m95jbrw6saq5iyfb5nw,2026-06-01T13:14:12
BraTS2021_00090,batches/0jq6nn2beq34bdj18m95jbrw6saq5iyfb5nw,2026-06-01T13:14:12
BraTS2021_00096,batches/0jq6nn2beq34bdj18m95jbrw6saq5iyfb5nw,2026-06-01T13:14:12
BraTS2021_00097,batches/0jq6nn2beq34bdj18m95jbrw6saq5iyfb5nw,2026-06-01T13:14:12
BraTS2021_00100,batches/0jq6nn2beq34bdj18m95jbrw6saq5iyfb5nw,2026-06-01T13:14:12
BraTS2021_00103,batches/0jq6nn2beq34bdj18m95jbrw6saq5iyfb5nw,2026-06-01T13:14:12
BraTS2021_00119,batches/0jq6nn2beq34bdj18m95jbrw6saq5iyfb5nw,2026-06-01T13:14:12
BraTS2021_00128,batches/0jq6nn2beq34bdj18m95jbrw6saq5iyfb5nw,2026-06-01T13:14:12
BraTS2021_00130,batches/0jq6nn2beq34bdj18m95jbrw6saq5iyfb5nw,2026-06-01T13:14:12
BraTS2021_00132,batches/0jq6nn2beq34bdj18m95jbrw6saq5iyfb5nw,2026-06-01T13:14:12
BraTS2021_00134,batches/0jq6nn2beq34bdj18m95jbrw6saq5iyfb5nw,2026-06-01T13:14:12
BraTS2021_00136,batches/0jq6nn2beq34bdj18m95jbrw6saq5iyfb5nw,2026-06-01T13:14:12
BraTS2021_00139,batches/0jq6nn2beq34bdj18m95jbrw6saq5iyfb5nw,2026-06-01T13:14:12
BraTS2021_00140,batches/0jq6nn2beq34bdj18m95jbrw6saq5iyfb5nw,2026-06-01T13:14:12
BraTS2021_00143,batches/0jq6nn2beq34bdj18m95jbrw6saq5iyfb5nw,2026-06-01T13:14:12
BraTS2021_00144,batches/0jq6nn2beq34bdj18m95jbrw6saq5iyfb5nw,2026-06-01T13:14:12
BraTS2021_00146,batches/0jq6nn2beq34bdj18m95jbrw6saq5iyfb5nw,2026-06-01T13:14:12
BraTS2021_00147,batches/0jq6nn2beq34bdj18m95jbrw6saq5iyfb5nw,2026-06-01T13:14:12
BraTS2021_00148,batches/0jq6nn2beq34bdj18m95jbrw6saq5iyfb5nw,2026-06-01T13:14:12
BraTS2021_00153,batches/0jq6nn2beq34bdj18m95jbrw6saq5iyfb5nw,2026-06-01T13:14:12
BraTS2021_00159,batches/0jq6nn2beq34bdj18m95jbrw6saq5iyfb5nw,2026-06-01T13:14:12
BraTS2021_00163,batches/0jq6nn2beq34bdj18m95jbrw6saq5iyfb5nw,2026-06-01T13:14:12
BraTS2021_00185,batches/0jq6nn2beq34bdj18m95jbrw6saq5iyfb5nw,2026-06-01T13:14:12
BraTS2021_00186,batches/0jq6nn2beq34bdj18m95jbrw6saq5iyfb5nw,2026-06-01T13:14:12
BraTS2021_00187,batches/0jq6nn2beq34bdj18m95jbrw6saq5iyfb5nw,2026-06-01T13:14:12
BraTS2021_00194,batches/2817197bjuduqxrhy3u82xvn8rs2r3k693kt,2026-06-01T13:20:28
BraTS2021_00195,batches/2817197bjuduqxrhy3u82xvn8rs2r3k693kt,2026-06-01T13:20:28
BraTS2021_00203,batches/2817197bjuduqxrhy3u82xvn8rs2r3k693kt,2026-06-01T13:20:28
BraTS2021_00210,batches/2817197bjuduqxrhy3u82xvn8rs2r3k693kt,2026-06-01T13:20:28
BraTS2021_00213,batches/2817197bjuduqxrhy3u82xvn8rs2r3k693kt,2026-06-01T13:20:28
BraTS2021_00217,batches/2817197bjuduqxrhy3u82xvn8rs2r3k693kt,2026-06-01T13:20:28
BraTS2021_00220,batches/2817197bjuduqxrhy3u82xvn8rs2r3k693kt,2026-06-01T13:20:28
BraTS2021_00229,batches/2817197bjuduqxrhy3u82xvn8rs2r3k693kt,2026-06-01T13:20:28
BraTS2021_00231,batches/2817197bjuduqxrhy3u82xvn8rs2r3k693kt,2026-06-01T13:20:28
BraTS2021_00236,batches/2817197bjuduqxrhy3u82xvn8rs2r3k693kt,2026-06-01T13:20:28
BraTS2021_00240,batches/2817197bjuduqxrhy3u82xvn8rs2r3k693kt,2026-06-01T13:20:28
BraTS2021_00241,batches/2817197bjuduqxrhy3u82xvn8rs2r3k693kt,2026-06-01T13:20:28
BraTS2021_00243,batches/2817197bjuduqxrhy3u82xvn8rs2r3k693kt,2026-06-01T13:20:28
BraTS2021_00253,batches/2817197bjuduqxrhy3u82xvn8rs2r3k693kt,2026-06-01T13:20:28
BraTS2021_00259,batches/2817197bjuduqxrhy3u82xvn8rs2r3k693kt,2026-06-01T13:20:28
BraTS2021_00266,batches/2817197bjuduqxrhy3u82xvn8rs2r3k693kt,2026-06-01T13:20:28
BraTS2021_00273,batches/2817197bjuduqxrhy3u82xvn8rs2r3k693kt,2026-06-01T13:20:28
BraTS2021_00274,batches/2817197bjuduqxrhy3u82xvn8rs2r3k693kt,2026-06-01T13:20:28
BraTS2021_00280,batches/2817197bjuduqxrhy3u82xvn8rs2r3k693kt,2026-06-01T13:20:28
BraTS2021_00281,batches/2817197bjuduqxrhy3u82xvn8rs2r3k693kt,2026-06-01T13:20:28
BraTS2021_00284,batches/2817197bjuduqxrhy3u82xvn8rs2r3k693kt,2026-06-01T13:20:28
BraTS2021_00294,batches/2817197bjuduqxrhy3u82xvn8rs2r3k693kt,2026-06-01T13:20:28
BraTS2021_00297,batches/2817197bjuduqxrhy3u82xvn8rs2r3k693kt,2026-06-01T13:20:28
BraTS2021_00300,batches/2817197bjuduqxrhy3u82xvn8rs2r3k693kt,2026-06-01T13:20:28
BraTS2021_00306,batches/2817197bjuduqxrhy3u82xvn8rs2r3k693kt,2026-06-01T13:20:28
BraTS2021_00313,batches/2817197bjuduqxrhy3u82xvn8rs2r3k693kt,2026-06-01T13:20:28
BraTS2021_00314,batches/2817197bjuduqxrhy3u82xvn8rs2r3k693kt,2026-06-01T13:20:28
BraTS2021_00317,batches/2817197bjuduqxrhy3u82xvn8rs2r3k693kt,2026-06-01T13:20:28
BraTS2021_00318,batches/2817197bjuduqxrhy3u82xvn8rs2r3k693kt,2026-06-01T13:20:28
BraTS2021_00327,batches/2817197bjuduqxrhy3u82xvn8rs2r3k693kt,2026-06-01T13:20:28
BraTS2021_00332,batches/2817197bjuduqxrhy3u82xvn8rs2r3k693kt,2026-06-01T13:20:28
BraTS2021_00334,batches/2817197bjuduqxrhy3u82xvn8rs2r3k693kt,2026-06-01T13:20:28
BraTS2021_00337,batches/2817197bjuduqxrhy3u82xvn8rs2r3k693kt,2026-06-01T13:20:28
BraTS2021_00339,batches/2817197bjuduqxrhy3u82xvn8rs2r3k693kt,2026-06-01T13:20:28
BraTS2021_00341,batches/2817197bjuduqxrhy3u82xvn8rs2r3k693kt,2026-06-01T13:20:28
BraTS2021_00347,batches/2817197bjuduqxrhy3u82xvn8rs2r3k693kt,2026-06-01T13:20:28
BraTS2021_00352,batches/2817197bjuduqxrhy3u82xvn8rs2r3k693kt,2026-06-01T13:20:28
BraTS2021_00366,batches/2817197bjuduqxrhy3u82xvn8rs2r3k693kt,2026-06-01T13:20:28
BraTS2021_00369,batches/2817197bjuduqxrhy3u82xvn8rs2r3k693kt,2026-06-01T13:20:28
BraTS2021_00375,batches/2817197bjuduqxrhy3u82xvn8rs2r3k693kt,2026-06-01T13:20:28
BraTS2021_00376,batches/hbsidkclpde4bfisjp1zdrucycmk5iqk078d,2026-06-01T14:02:14
BraTS2021_00378,batches/hbsidkclpde4bfisjp1zdrucycmk5iqk078d,2026-06-01T14:02:14
BraTS2021_00384,batches/hbsidkclpde4bfisjp1zdrucycmk5iqk078d,2026-06-01T14:02:14
BraTS2021_00389,batches/hbsidkclpde4bfisjp1zdrucycmk5iqk078d,2026-06-01T14:02:14
BraTS2021_00390,batches/hbsidkclpde4bfisjp1zdrucycmk5iqk078d,2026-06-01T14:02:14
BraTS2021_00399,batches/hbsidkclpde4bfisjp1zdrucycmk5iqk078d,2026-06-01T14:02:14
BraTS2021_00404,batches/hbsidkclpde4bfisjp1zdrucycmk5iqk078d,2026-06-01T14:02:14
BraTS2021_00407,batches/hbsidkclpde4bfisjp1zdrucycmk5iqk078d,2026-06-01T14:02:14
BraTS2021_00414,batches/hbsidkclpde4bfisjp1zdrucycmk5iqk078d,2026-06-01T14:02:14
BraTS2021_00418,batches/hbsidkclpde4bfisjp1zdrucycmk5iqk078d,2026-06-01T14:02:14
BraTS2021_00419,batches/hbsidkclpde4bfisjp1zdrucycmk5iqk078d,2026-06-01T14:02:14
BraTS2021_00425,batches/hbsidkclpde4bfisjp1zdrucycmk5iqk078d,2026-06-01T14:02:14
BraTS2021_00430,batches/hbsidkclpde4bfisjp1zdrucycmk5iqk078d,2026-06-01T14:02:14
BraTS2021_00432,batches/hbsidkclpde4bfisjp1zdrucycmk5iqk078d,2026-06-01T14:02:14
BraTS2021_00463,batches/hbsidkclpde4bfisjp1zdrucycmk5iqk078d,2026-06-01T14:02:14
BraTS2021_00466,batches/hbsidkclpde4bfisjp1zdrucycmk5iqk078d,2026-06-01T14:02:14
BraTS2021_00467,batches/hbsidkclpde4bfisjp1zdrucycmk5iqk078d,2026-06-01T14:02:14
BraTS2021_00470,batches/hbsidkclpde4bfisjp1zdrucycmk5iqk078d,2026-06-01T14:02:14
BraTS2021_00474,batches/hbsidkclpde4bfisjp1zdrucycmk5iqk078d,2026-06-01T14:02:14
BraTS2021_00477,batches/hbsidkclpde4bfisjp1zdrucycmk5iqk078d,2026-06-01T14:02:14
BraTS2021_00481,batches/hbsidkclpde4bfisjp1zdrucycmk5iqk078d,2026-06-01T14:02:14
BraTS2021_00489,batches/hbsidkclpde4bfisjp1zdrucycmk5iqk078d,2026-06-01T14:02:14
BraTS2021_00492,batches/hbsidkclpde4bfisjp1zdrucycmk5iqk078d,2026-06-01T14:02:14
BraTS2021_00500,batches/hbsidkclpde4bfisjp1zdrucycmk5iqk078d,2026-06-01T14:02:14
BraTS2021_00502,batches/hbsidkclpde4bfisjp1zdrucycmk5iqk078d,2026-06-01T14:02:14
BraTS2021_00504,batches/hbsidkclpde4bfisjp1zdrucycmk5iqk078d,2026-06-01T14:02:14
BraTS2021_00510,batches/hbsidkclpde4bfisjp1zdrucycmk5iqk078d,2026-06-01T14:02:14
BraTS2021_00514,batches/hbsidkclpde4bfisjp1zdrucycmk5iqk078d,2026-06-01T14:02:14
BraTS2021_00519,batches/hbsidkclpde4bfisjp1zdrucycmk5iqk078d,2026-06-01T14:02:14
BraTS2021_00521,batches/hbsidkclpde4bfisjp1zdrucycmk5iqk078d,2026-06-01T14:02:14
BraTS2021_00523,batches/hbsidkclpde4bfisjp1zdrucycmk5iqk078d,2026-06-01T14:02:14
BraTS2021_00525,batches/hbsidkclpde4bfisjp1zdrucycmk5iqk078d,2026-06-01T14:02:14
BraTS2021_00528,batches/hbsidkclpde4bfisjp1zdrucycmk5iqk078d,2026-06-01T14:02:14
BraTS2021_00529,batches/hbsidkclpde4bfisjp1zdrucycmk5iqk078d,2026-06-01T14:02:14
BraTS2021_00530,batches/hbsidkclpde4bfisjp1zdrucycmk5iqk078d,2026-06-01T14:02:14
BraTS2021_00532,batches/hbsidkclpde4bfisjp1zdrucycmk5iqk078d,2026-06-01T14:02:14
BraTS2021_00542,batches/hbsidkclpde4bfisjp1zdrucycmk5iqk078d,2026-06-01T14:02:14
BraTS2021_00543,batches/hbsidkclpde4bfisjp1zdrucycmk5iqk078d,2026-06-01T14:02:14
BraTS2021_00547,batches/hbsidkclpde4bfisjp1zdrucycmk5iqk078d,2026-06-01T14:02:14
BraTS2021_00558,batches/hbsidkclpde4bfisjp1zdrucycmk5iqk078d,2026-06-01T14:02:14
BraTS2021_00573,batches/cxsovo2dvo37cmw5ufyufw5mo1ykgvd5tpq2,2026-06-01T14:02:15
BraTS2021_00578,batches/cxsovo2dvo37cmw5ufyufw5mo1ykgvd5tpq2,2026-06-01T14:02:15
BraTS2021_00580,batches/cxsovo2dvo37cmw5ufyufw5mo1ykgvd5tpq2,2026-06-01T14:02:15
BraTS2021_00582,batches/cxsovo2dvo37cmw5ufyufw5mo1ykgvd5tpq2,2026-06-01T14:02:15
BraTS2021_00586,batches/cxsovo2dvo37cmw5ufyufw5mo1ykgvd5tpq2,2026-06-01T14:02:15
BraTS2021_00588,batches/cxsovo2dvo37cmw5ufyufw5mo1ykgvd5tpq2,2026-06-01T14:02:15
BraTS2021_00589,batches/cxsovo2dvo37cmw5ufyufw5mo1ykgvd5tpq2,2026-06-01T14:02:15
BraTS2021_00592,batches/cxsovo2dvo37cmw5ufyufw5mo1ykgvd5tpq2,2026-06-01T14:02:15
BraTS2021_00595,batches/cxsovo2dvo37cmw5ufyufw5mo1ykgvd5tpq2,2026-06-01T14:02:15
BraTS2021_00604,batches/cxsovo2dvo37cmw5ufyufw5mo1ykgvd5tpq2,2026-06-01T14:02:15
BraTS2021_00607,batches/cxsovo2dvo37cmw5ufyufw5mo1ykgvd5tpq2,2026-06-01T14:02:15
BraTS2021_00610,batches/cxsovo2dvo37cmw5ufyufw5mo1ykgvd5tpq2,2026-06-01T14:02:15
BraTS2021_00612,batches/cxsovo2dvo37cmw5ufyufw5mo1ykgvd5tpq2,2026-06-01T14:02:15
BraTS2021_00621,batches/cxsovo2dvo37cmw5ufyufw5mo1ykgvd5tpq2,2026-06-01T14:02:15
BraTS2021_00624,batches/cxsovo2dvo37cmw5ufyufw5mo1ykgvd5tpq2,2026-06-01T14:02:15
BraTS2021_00636,batches/cxsovo2dvo37cmw5ufyufw5mo1ykgvd5tpq2,2026-06-01T14:02:15
BraTS2021_00654,batches/cxsovo2dvo37cmw5ufyufw5mo1ykgvd5tpq2,2026-06-01T14:02:15
BraTS2021_00656,batches/cxsovo2dvo37cmw5ufyufw5mo1ykgvd5tpq2,2026-06-01T14:02:15
BraTS2021_00671,batches/cxsovo2dvo37cmw5ufyufw5mo1ykgvd5tpq2,2026-06-01T14:02:15
BraTS2021_00674,batches/cxsovo2dvo37cmw5ufyufw5mo1ykgvd5tpq2,2026-06-01T14:02:15
BraTS2021_00680,batches/cxsovo2dvo37cmw5ufyufw5mo1ykgvd5tpq2,2026-06-01T14:02:15
BraTS2021_00682,batches/cxsovo2dvo37cmw5ufyufw5mo1ykgvd5tpq2,2026-06-01T14:02:15
BraTS2021_00686,batches/cxsovo2dvo37cmw5ufyufw5mo1ykgvd5tpq2,2026-06-01T14:02:15
BraTS2021_00692,batches/cxsovo2dvo37cmw5ufyufw5mo1ykgvd5tpq2,2026-06-01T14:02:15
BraTS2021_00693,batches/cxsovo2dvo37cmw5ufyufw5mo1ykgvd5tpq2,2026-06-01T14:02:15
BraTS2021_00697,batches/cxsovo2dvo37cmw5ufyufw5mo1ykgvd5tpq2,2026-06-01T14:02:15
BraTS2021_00705,batches/cxsovo2dvo37cmw5ufyufw5mo1ykgvd5tpq2,2026-06-01T14:02:15
BraTS2021_00707,batches/cxsovo2dvo37cmw5ufyufw5mo1ykgvd5tpq2,2026-06-01T14:02:15
BraTS2021_00718,batches/cxsovo2dvo37cmw5ufyufw5mo1ykgvd5tpq2,2026-06-01T14:02:15
BraTS2021_00721,batches/cxsovo2dvo37cmw5ufyufw5mo1ykgvd5tpq2,2026-06-01T14:02:15
BraTS2021_00723,batches/cxsovo2dvo37cmw5ufyufw5mo1ykgvd5tpq2,2026-06-01T14:02:15
BraTS2021_00724,batches/cxsovo2dvo37cmw5ufyufw5mo1ykgvd5tpq2,2026-06-01T14:02:15
BraTS2021_00735,batches/cxsovo2dvo37cmw5ufyufw5mo1ykgvd5tpq2,2026-06-01T14:02:15
BraTS2021_00736,batches/cxsovo2dvo37cmw5ufyufw5mo1ykgvd5tpq2,2026-06-01T14:02:15
BraTS2021_00737,batches/cxsovo2dvo37cmw5ufyufw5mo1ykgvd5tpq2,2026-06-01T14:02:15
BraTS2021_00746,batches/cxsovo2dvo37cmw5ufyufw5mo1ykgvd5tpq2,2026-06-01T14:02:15
BraTS2021_00756,batches/cxsovo2dvo37cmw5ufyufw5mo1ykgvd5tpq2,2026-06-01T14:02:15
BraTS2021_00757,batches/cxsovo2dvo37cmw5ufyufw5mo1ykgvd5tpq2,2026-06-01T14:02:15
BraTS2021_00768,batches/cxsovo2dvo37cmw5ufyufw5mo1ykgvd5tpq2,2026-06-01T14:02:15
BraTS2021_00774,batches/cxsovo2dvo37cmw5ufyufw5mo1ykgvd5tpq2,2026-06-01T14:02:15
BraTS2021_00778,batches/p21fgckgs6t0jsjk18dpmpc4aq0dnrlu0mzr,2026-06-01T14:02:16
BraTS2021_00833,batches/p21fgckgs6t0jsjk18dpmpc4aq0dnrlu0mzr,2026-06-01T14:02:16
BraTS2021_00834,batches/p21fgckgs6t0jsjk18dpmpc4aq0dnrlu0mzr,2026-06-01T14:02:16
BraTS2021_00840,batches/p21fgckgs6t0jsjk18dpmpc4aq0dnrlu0mzr,2026-06-01T14:02:16
BraTS2021_00999,batches/p21fgckgs6t0jsjk18dpmpc4aq0dnrlu0mzr,2026-06-01T14:02:16
BraTS2021_01027,batches/p21fgckgs6t0jsjk18dpmpc4aq0dnrlu0mzr,2026-06-01T14:02:16
BraTS2021_01035,batches/p21fgckgs6t0jsjk18dpmpc4aq0dnrlu0mzr,2026-06-01T14:02:16
BraTS2021_01038,batches/p21fgckgs6t0jsjk18dpmpc4aq0dnrlu0mzr,2026-06-01T14:02:16
BraTS2021_01043,batches/p21fgckgs6t0jsjk18dpmpc4aq0dnrlu0mzr,2026-06-01T14:02:16
BraTS2021_01045,batches/p21fgckgs6t0jsjk18dpmpc4aq0dnrlu0mzr,2026-06-01T14:02:16
BraTS2021_01058,batches/p21fgckgs6t0jsjk18dpmpc4aq0dnrlu0mzr,2026-06-01T14:02:16
BraTS2021_01063,batches/p21fgckgs6t0jsjk18dpmpc4aq0dnrlu0mzr,2026-06-01T14:02:16
BraTS2021_01064,batches/p21fgckgs6t0jsjk18dpmpc4aq0dnrlu0mzr,2026-06-01T14:02:16
BraTS2021_01072,batches/p21fgckgs6t0jsjk18dpmpc4aq0dnrlu0mzr,2026-06-01T14:02:16
BraTS2021_01076,batches/p21fgckgs6t0jsjk18dpmpc4aq0dnrlu0mzr,2026-06-01T14:02:16
BraTS2021_01078,batches/p21fgckgs6t0jsjk18dpmpc4aq0dnrlu0mzr,2026-06-01T14:02:16
BraTS2021_01083,batches/p21fgckgs6t0jsjk18dpmpc4aq0dnrlu0mzr,2026-06-01T14:02:16
BraTS2021_01084,batches/p21fgckgs6t0jsjk18dpmpc4aq0dnrlu0mzr,2026-06-01T14:02:16
BraTS2021_01085,batches/p21fgckgs6t0jsjk18dpmpc4aq0dnrlu0mzr,2026-06-01T14:02:16
BraTS2021_01086,batches/p21fgckgs6t0jsjk18dpmpc4aq0dnrlu0mzr,2026-06-01T14:02:16
BraTS2021_01096,batches/p21fgckgs6t0jsjk18dpmpc4aq0dnrlu0mzr,2026-06-01T14:02:16
BraTS2021_01104,batches/p21fgckgs6t0jsjk18dpmpc4aq0dnrlu0mzr,2026-06-01T14:02:16
BraTS2021_01108,batches/p21fgckgs6t0jsjk18dpmpc4aq0dnrlu0mzr,2026-06-01T14:02:16
BraTS2021_01112,batches/p21fgckgs6t0jsjk18dpmpc4aq0dnrlu0mzr,2026-06-01T14:02:16
BraTS2021_01115,batches/p21fgckgs6t0jsjk18dpmpc4aq0dnrlu0mzr,2026-06-01T14:02:16
BraTS2021_01124,batches/p21fgckgs6t0jsjk18dpmpc4aq0dnrlu0mzr,2026-06-01T14:02:16
BraTS2021_01127,batches/p21fgckgs6t0jsjk18dpmpc4aq0dnrlu0mzr,2026-06-01T14:02:16
BraTS2021_01133,batches/p21fgckgs6t0jsjk18dpmpc4aq0dnrlu0mzr,2026-06-01T14:02:16
BraTS2021_01135,batches/p21fgckgs6t0jsjk18dpmpc4aq0dnrlu0mzr,2026-06-01T14:02:16
BraTS2021_01136,batches/p21fgckgs6t0jsjk18dpmpc4aq0dnrlu0mzr,2026-06-01T14:02:16
BraTS2021_01142,batches/p21fgckgs6t0jsjk18dpmpc4aq0dnrlu0mzr,2026-06-01T14:02:16
BraTS2021_01143,batches/p21fgckgs6t0jsjk18dpmpc4aq0dnrlu0mzr,2026-06-01T14:02:16
BraTS2021_01153,batches/p21fgckgs6t0jsjk18dpmpc4aq0dnrlu0mzr,2026-06-01T14:02:16
BraTS2021_01160,batches/p21fgckgs6t0jsjk18dpmpc4aq0dnrlu0mzr,2026-06-01T14:02:16
BraTS2021_01203,batches/p21fgckgs6t0jsjk18dpmpc4aq0dnrlu0mzr,2026-06-01T14:02:16
BraTS2021_01204,batches/p21fgckgs6t0jsjk18dpmpc4aq0dnrlu0mzr,2026-06-01T14:02:16
BraTS2021_01210,batches/p21fgckgs6t0jsjk18dpmpc4aq0dnrlu0mzr,2026-06-01T14:02:16
BraTS2021_01225,batches/p21fgckgs6t0jsjk18dpmpc4aq0dnrlu0mzr,2026-06-01T14:02:16
BraTS2021_01247,batches/p21fgckgs6t0jsjk18dpmpc4aq0dnrlu0mzr,2026-06-01T14:02:16
BraTS2021_01253,batches/p21fgckgs6t0jsjk18dpmpc4aq0dnrlu0mzr,2026-06-01T14:02:16
BraTS2021_01262,batches/snh9fohwdmy2927iqpa1t5xs150qod191l0l,2026-06-01T14:02:17
BraTS2021_01265,batches/snh9fohwdmy2927iqpa1t5xs150qod191l0l,2026-06-01T14:02:17
BraTS2021_01266,batches/snh9fohwdmy2927iqpa1t5xs150qod191l0l,2026-06-01T14:02:17
BraTS2021_01267,batches/snh9fohwdmy2927iqpa1t5xs150qod191l0l,2026-06-01T14:02:17
BraTS2021_01273,batches/snh9fohwdmy2927iqpa1t5xs150qod191l0l,2026-06-01T14:02:17
BraTS2021_01276,batches/snh9fohwdmy2927iqpa1t5xs150qod191l0l,2026-06-01T14:02:17
BraTS2021_01277,batches/snh9fohwdmy2927iqpa1t5xs150qod191l0l,2026-06-01T14:02:17
BraTS2021_01279,batches/snh9fohwdmy2927iqpa1t5xs150qod191l0l,2026-06-01T14:02:17
BraTS2021_01290,batches/snh9fohwdmy2927iqpa1t5xs150qod191l0l,2026-06-01T14:02:17
BraTS2021_01295,batches/snh9fohwdmy2927iqpa1t5xs150qod191l0l,2026-06-01T14:02:17
BraTS2021_01441,batches/snh9fohwdmy2927iqpa1t5xs150qod191l0l,2026-06-01T14:02:17
BraTS2021_01450,batches/snh9fohwdmy2927iqpa1t5xs150qod191l0l,2026-06-01T14:02:17
BraTS2021_01456,batches/snh9fohwdmy2927iqpa1t5xs150qod191l0l,2026-06-01T14:02:17
BraTS2021_01458,batches/snh9fohwdmy2927iqpa1t5xs150qod191l0l,2026-06-01T14:02:17
BraTS2021_01459,batches/snh9fohwdmy2927iqpa1t5xs150qod191l0l,2026-06-01T14:02:17
BraTS2021_01476,batches/snh9fohwdmy2927iqpa1t5xs150qod191l0l,2026-06-01T14:02:17
BraTS2021_01477,batches/snh9fohwdmy2927iqpa1t5xs150qod191l0l,2026-06-01T14:02:17
BraTS2021_01478,batches/snh9fohwdmy2927iqpa1t5xs150qod191l0l,2026-06-01T14:02:17
BraTS2021_01479,batches/snh9fohwdmy2927iqpa1t5xs150qod191l0l,2026-06-01T14:02:17
BraTS2021_01483,batches/snh9fohwdmy2927iqpa1t5xs150qod191l0l,2026-06-01T14:02:17
BraTS2021_01484,batches/snh9fohwdmy2927iqpa1t5xs150qod191l0l,2026-06-01T14:02:17
BraTS2021_01485,batches/snh9fohwdmy2927iqpa1t5xs150qod191l0l,2026-06-01T14:02:17
BraTS2021_01487,batches/snh9fohwdmy2927iqpa1t5xs150qod191l0l,2026-06-01T14:02:17
BraTS2021_01489,batches/snh9fohwdmy2927iqpa1t5xs150qod191l0l,2026-06-01T14:02:17
BraTS2021_01490,batches/snh9fohwdmy2927iqpa1t5xs150qod191l0l,2026-06-01T14:02:17
BraTS2021_01491,batches/snh9fohwdmy2927iqpa1t5xs150qod191l0l,2026-06-01T14:02:17
BraTS2021_01494,batches/snh9fohwdmy2927iqpa1t5xs150qod191l0l,2026-06-01T14:02:17
BraTS2021_01495,batches/snh9fohwdmy2927iqpa1t5xs150qod191l0l,2026-06-01T14:02:17
BraTS2021_01497,batches/snh9fohwdmy2927iqpa1t5xs150qod191l0l,2026-06-01T14:02:17
BraTS2021_01498,batches/snh9fohwdmy2927iqpa1t5xs150qod191l0l,2026-06-01T14:02:17
BraTS2021_01499,batches/snh9fohwdmy2927iqpa1t5xs150qod191l0l,2026-06-01T14:02:17
BraTS2021_01500,batches/snh9fohwdmy2927iqpa1t5xs150qod191l0l,2026-06-01T14:02:17
BraTS2021_01501,batches/snh9fohwdmy2927iqpa1t5xs150qod191l0l,2026-06-01T14:02:17
BraTS2021_01502,batches/snh9fohwdmy2927iqpa1t5xs150qod191l0l,2026-06-01T14:02:17
BraTS2021_01503,batches/snh9fohwdmy2927iqpa1t5xs150qod191l0l,2026-06-01T14:02:17
BraTS2021_01504,batches/snh9fohwdmy2927iqpa1t5xs150qod191l0l,2026-06-01T14:02:17
BraTS2021_01505,batches/snh9fohwdmy2927iqpa1t5xs150qod191l0l,2026-06-01T14:02:17
BraTS2021_01506,batches/snh9fohwdmy2927iqpa1t5xs150qod191l0l,2026-06-01T14:02:17
BraTS2021_01507,batches/snh9fohwdmy2927iqpa1t5xs150qod191l0l,2026-06-01T14:02:17
BraTS2021_01508,batches/snh9fohwdmy2927iqpa1t5xs150qod191l0l,2026-06-01T14:02:17
BraTS2021_01510,batches/1e4xun9zibjlhtlgc1gnk9rgb0cvxqwhs5rn,2026-06-01T14:02:18
BraTS2021_01511,batches/1e4xun9zibjlhtlgc1gnk9rgb0cvxqwhs5rn,2026-06-01T14:02:18
BraTS2021_01512,batches/1e4xun9zibjlhtlgc1gnk9rgb0cvxqwhs5rn,2026-06-01T14:02:18
BraTS2021_01513,batches/1e4xun9zibjlhtlgc1gnk9rgb0cvxqwhs5rn,2026-06-01T14:02:18
BraTS2021_01514,batches/1e4xun9zibjlhtlgc1gnk9rgb0cvxqwhs5rn,2026-06-01T14:02:18
BraTS2021_01515,batches/1e4xun9zibjlhtlgc1gnk9rgb0cvxqwhs5rn,2026-06-01T14:02:18
BraTS2021_01517,batches/1e4xun9zibjlhtlgc1gnk9rgb0cvxqwhs5rn,2026-06-01T14:02:18
BraTS2021_01518,batches/1e4xun9zibjlhtlgc1gnk9rgb0cvxqwhs5rn,2026-06-01T14:02:18
BraTS2021_01520,batches/1e4xun9zibjlhtlgc1gnk9rgb0cvxqwhs5rn,2026-06-01T14:02:18
BraTS2021_01521,batches/1e4xun9zibjlhtlgc1gnk9rgb0cvxqwhs5rn,2026-06-01T14:02:18
BraTS2021_01522,batches/1e4xun9zibjlhtlgc1gnk9rgb0cvxqwhs5rn,2026-06-01T14:02:18
BraTS2021_01523,batches/1e4xun9zibjlhtlgc1gnk9rgb0cvxqwhs5rn,2026-06-01T14:02:18
BraTS2021_01524,batches/1e4xun9zibjlhtlgc1gnk9rgb0cvxqwhs5rn,2026-06-01T14:02:18
BraTS2021_01526,batches/1e4xun9zibjlhtlgc1gnk9rgb0cvxqwhs5rn,2026-06-01T14:02:18
BraTS2021_01527,batches/1e4xun9zibjlhtlgc1gnk9rgb0cvxqwhs5rn,2026-06-01T14:02:18
BraTS2021_01528,batches/1e4xun9zibjlhtlgc1gnk9rgb0cvxqwhs5rn,2026-06-01T14:02:18
BraTS2021_01529,batches/1e4xun9zibjlhtlgc1gnk9rgb0cvxqwhs5rn,2026-06-01T14:02:18
BraTS2021_01531,batches/1e4xun9zibjlhtlgc1gnk9rgb0cvxqwhs5rn,2026-06-01T14:02:18
BraTS2021_01532,batches/1e4xun9zibjlhtlgc1gnk9rgb0cvxqwhs5rn,2026-06-01T14:02:18
BraTS2021_01533,batches/1e4xun9zibjlhtlgc1gnk9rgb0cvxqwhs5rn,2026-06-01T14:02:18
BraTS2021_01534,batches/1e4xun9zibjlhtlgc1gnk9rgb0cvxqwhs5rn,2026-06-01T14:02:18
BraTS2021_01535,batches/1e4xun9zibjlhtlgc1gnk9rgb0cvxqwhs5rn,2026-06-01T14:02:18
BraTS2021_01536,batches/1e4xun9zibjlhtlgc1gnk9rgb0cvxqwhs5rn,2026-06-01T14:02:18
BraTS2021_01663,batches/1e4xun9zibjlhtlgc1gnk9rgb0cvxqwhs5rn,2026-06-01T14:02:18
BraTS2021_01664,batches/1e4xun9zibjlhtlgc1gnk9rgb0cvxqwhs5rn,2026-06-01T14:02:18
BraTS2021_01665,batches/1e4xun9zibjlhtlgc1gnk9rgb0cvxqwhs5rn,2026-06-01T14:02:18
BraTS2021_01666,batches/1e4xun9zibjlhtlgc1gnk9rgb0cvxqwhs5rn,2026-06-01T14:02:18
BraTS2021_01679,batches/1e4xun9zibjlhtlgc1gnk9rgb0cvxqwhs5rn,2026-06-01T14:02:18
BraTS2021_01690,batches/1e4xun9zibjlhtlgc1gnk9rgb0cvxqwhs5rn,2026-06-01T14:02:18
BraTS2021_01694,batches/1e4xun9zibjlhtlgc1gnk9rgb0cvxqwhs5rn,2026-06-01T14:02:18
BraTS2021_01701,batches/1e4xun9zibjlhtlgc1gnk9rgb0cvxqwhs5rn,2026-06-01T14:02:18
BraTS2021_01718,batches/1e4xun9zibjlhtlgc1gnk9rgb0cvxqwhs5rn,2026-06-01T14:02:18
BraTS2021_01720,batches/1e4xun9zibjlhtlgc1gnk9rgb0cvxqwhs5rn,2026-06-01T14:02:18
BraTS2021_01721,batches/1e4xun9zibjlhtlgc1gnk9rgb0cvxqwhs5rn,2026-06-01T14:02:18
BraTS2021_01722,batches/1e4xun9zibjlhtlgc1gnk9rgb0cvxqwhs5rn,2026-06-01T14:02:18
BraTS2021_01724,batches/1e4xun9zibjlhtlgc1gnk9rgb0cvxqwhs5rn,2026-06-01T14:02:18
BraTS2021_01725,batches/1e4xun9zibjlhtlgc1gnk9rgb0cvxqwhs5rn,2026-06-01T14:02:18
BraTS2021_01726,batches/1e4xun9zibjlhtlgc1gnk9rgb0cvxqwhs5rn,2026-06-01T14:02:18
BraTS2021_01727,batches/1e4xun9zibjlhtlgc1gnk9rgb0cvxqwhs5rn,2026-06-01T14:02:18
BraTS2021_01728,batches/1e4xun9zibjlhtlgc1gnk9rgb0cvxqwhs5rn,2026-06-01T14:02:18
BraTS2021_01729,batches/ax3yle6za1iyymi0sn0xridb0rdbpihku3p5,2026-06-01T14:02:19
BraTS2021_01731,batches/ax3yle6za1iyymi0sn0xridb0rdbpihku3p5,2026-06-01T14:02:19
BraTS2021_01732,batches/ax3yle6za1iyymi0sn0xridb0rdbpihku3p5,2026-06-01T14:02:19
BraTS2021_01733,batches/ax3yle6za1iyymi0sn0xridb0rdbpihku3p5,2026-06-01T14:02:19
BraTS2021_01735,batches/ax3yle6za1iyymi0sn0xridb0rdbpihku3p5,2026-06-01T14:02:19
BraTS2021_01736,batches/ax3yle6za1iyymi0sn0xridb0rdbpihku3p5,2026-06-01T14:02:19
BraTS2021_01737,batches/ax3yle6za1iyymi0sn0xridb0rdbpihku3p5,2026-06-01T14:02:19
BraTS2021_01738,batches/ax3yle6za1iyymi0sn0xridb0rdbpihku3p5,2026-06-01T14:02:19
BraTS2021_01742,batches/ax3yle6za1iyymi0sn0xridb0rdbpihku3p5,2026-06-01T14:02:19
BraTS2021_01743,batches/ax3yle6za1iyymi0sn0xridb0rdbpihku3p5,2026-06-01T14:02:19
BraTS2021_01744,batches/ax3yle6za1iyymi0sn0xridb0rdbpihku3p5,2026-06-01T14:02:19
BraTS2021_01745,batches/ax3yle6za1iyymi0sn0xridb0rdbpihku3p5,2026-06-01T14:02:19
BraTS2021_01746,batches/ax3yle6za1iyymi0sn0xridb0rdbpihku3p5,2026-06-01T14:02:19
BraTS2021_01747,batches/ax3yle6za1iyymi0sn0xridb0rdbpihku3p5,2026-06-01T14:02:19
BraTS2021_01748,batches/ax3yle6za1iyymi0sn0xridb0rdbpihku3p5,2026-06-01T14:02:19
BraTS2021_01749,batches/ax3yle6za1iyymi0sn0xridb0rdbpihku3p5,2026-06-01T14:02:19
BraTS2021_01750,batches/ax3yle6za1iyymi0sn0xridb0rdbpihku3p5,2026-06-01T14:02:19
BraTS2021_01752,batches/ax3yle6za1iyymi0sn0xridb0rdbpihku3p5,2026-06-01T14:02:19
BraTS2021_01754,batches/ax3yle6za1iyymi0sn0xridb0rdbpihku3p5,2026-06-01T14:02:19
BraTS2021_01755,batches/ax3yle6za1iyymi0sn0xridb0rdbpihku3p5,2026-06-01T14:02:19
BraTS2021_01774,batches/ax3yle6za1iyymi0sn0xridb0rdbpihku3p5,2026-06-01T14:02:19
BraTS2021_01776,batches/ax3yle6za1iyymi0sn0xridb0rdbpihku3p5,2026-06-01T14:02:19
EGD-0004,batches/ax3yle6za1iyymi0sn0xridb0rdbpihku3p5,2026-06-01T14:02:19
EGD-0008,batches/ax3yle6za1iyymi0sn0xridb0rdbpihku3p5,2026-06-01T14:02:19
EGD-0011,batches/ax3yle6za1iyymi0sn0xridb0rdbpihku3p5,2026-06-01T14:02:19
EGD-0020,batches/ax3yle6za1iyymi0sn0xridb0rdbpihku3p5,2026-06-01T14:02:19
EGD-0022,batches/ax3yle6za1iyymi0sn0xridb0rdbpihku3p5,2026-06-01T14:02:19
EGD-0024,batches/ax3yle6za1iyymi0sn0xridb0rdbpihku3p5,2026-06-01T14:02:19
EGD-0026,batches/ax3yle6za1iyymi0sn0xridb0rdbpihku3p5,2026-06-01T14:02:19
EGD-0029,batches/ax3yle6za1iyymi0sn0xridb0rdbpihku3p5,2026-06-01T14:02:19
EGD-0033,batches/ax3yle6za1iyymi0sn0xridb0rdbpihku3p5,2026-06-01T14:02:19
EGD-0050,batches/ax3yle6za1iyymi0sn0xridb0rdbpihku3p5,2026-06-01T14:02:19
EGD-0053,batches/ax3yle6za1iyymi0sn0xridb0rdbpihku3p5,2026-06-01T14:02:19
EGD-0055,batches/ax3yle6za1iyymi0sn0xridb0rdbpihku3p5,2026-06-01T14:02:19
EGD-0057,batches/ax3yle6za1iyymi0sn0xridb0rdbpihku3p5,2026-06-01T14:02:19
EGD-0058,batches/ax3yle6za1iyymi0sn0xridb0rdbpihku3p5,2026-06-01T14:02:19
EGD-0062,batches/ax3yle6za1iyymi0sn0xridb0rdbpihku3p5,2026-06-01T14:02:19
EGD-0066,batches/ax3yle6za1iyymi0sn0xridb0rdbpihku3p5,2026-06-01T14:02:19
EGD-0068,batches/ax3yle6za1iyymi0sn0xridb0rdbpihku3p5,2026-06-01T14:02:19
EGD-0072,batches/ax3yle6za1iyymi0sn0xridb0rdbpihku3p5,2026-06-01T14:02:19
EGD-0074,batches/0skzt81uyyipzs4wiunh75xwyzw4eqcejr1o,2026-06-01T14:02:20
EGD-0078,batches/0skzt81uyyipzs4wiunh75xwyzw4eqcejr1o,2026-06-01T14:02:20
EGD-0081,batches/0skzt81uyyipzs4wiunh75xwyzw4eqcejr1o,2026-06-01T14:02:20
EGD-0083,batches/0skzt81uyyipzs4wiunh75xwyzw4eqcejr1o,2026-06-01T14:02:20
EGD-0086,batches/0skzt81uyyipzs4wiunh75xwyzw4eqcejr1o,2026-06-01T14:02:20
EGD-0088,batches/0skzt81uyyipzs4wiunh75xwyzw4eqcejr1o,2026-06-01T14:02:20
EGD-0090,batches/0skzt81uyyipzs4wiunh75xwyzw4eqcejr1o,2026-06-01T14:02:20
EGD-0094,batches/0skzt81uyyipzs4wiunh75xwyzw4eqcejr1o,2026-06-01T14:02:20
EGD-0101,batches/0skzt81uyyipzs4wiunh75xwyzw4eqcejr1o,2026-06-01T14:02:20
EGD-0106,batches/0skzt81uyyipzs4wiunh75xwyzw4eqcejr1o,2026-06-01T14:02:20
EGD-0107,batches/0skzt81uyyipzs4wiunh75xwyzw4eqcejr1o,2026-06-01T14:02:20
EGD-0109,batches/0skzt81uyyipzs4wiunh75xwyzw4eqcejr1o,2026-06-01T14:02:20
EGD-0110,batches/0skzt81uyyipzs4wiunh75xwyzw4eqcejr1o,2026-06-01T14:02:20
EGD-0111,batches/0skzt81uyyipzs4wiunh75xwyzw4eqcejr1o,2026-06-01T14:02:20
EGD-0118,batches/0skzt81uyyipzs4wiunh75xwyzw4eqcejr1o,2026-06-01T14:02:20
EGD-0121,batches/0skzt81uyyipzs4wiunh75xwyzw4eqcejr1o,2026-06-01T14:02:20
EGD-0122,batches/0skzt81uyyipzs4wiunh75xwyzw4eqcejr1o,2026-06-01T14:02:20
EGD-0123,batches/0skzt81uyyipzs4wiunh75xwyzw4eqcejr1o,2026-06-01T14:02:20
EGD-0126,batches/0skzt81uyyipzs4wiunh75xwyzw4eqcejr1o,2026-06-01T14:02:20
EGD-0128,batches/0skzt81uyyipzs4wiunh75xwyzw4eqcejr1o,2026-06-01T14:02:20
EGD-0131,batches/0skzt81uyyipzs4wiunh75xwyzw4eqcejr1o,2026-06-01T14:02:20
EGD-0132,batches/0skzt81uyyipzs4wiunh75xwyzw4eqcejr1o,2026-06-01T14:02:20
EGD-0133,batches/0skzt81uyyipzs4wiunh75xwyzw4eqcejr1o,2026-06-01T14:02:20
EGD-0137,batches/0skzt81uyyipzs4wiunh75xwyzw4eqcejr1o,2026-06-01T14:02:20
EGD-0143,batches/0skzt81uyyipzs4wiunh75xwyzw4eqcejr1o,2026-06-01T14:02:20
EGD-0145,batches/0skzt81uyyipzs4wiunh75xwyzw4eqcejr1o,2026-06-01T14:02:20
EGD-0146,batches/0skzt81uyyipzs4wiunh75xwyzw4eqcejr1o,2026-06-01T14:02:20
EGD-0155,batches/0skzt81uyyipzs4wiunh75xwyzw4eqcejr1o,2026-06-01T14:02:20
EGD-0160,batches/0skzt81uyyipzs4wiunh75xwyzw4eqcejr1o,2026-06-01T14:02:20
EGD-0162,batches/0skzt81uyyipzs4wiunh75xwyzw4eqcejr1o,2026-06-01T14:02:20
EGD-0168,batches/0skzt81uyyipzs4wiunh75xwyzw4eqcejr1o,2026-06-01T14:02:20
EGD-0172,batches/0skzt81uyyipzs4wiunh75xwyzw4eqcejr1o,2026-06-01T14:02:20
EGD-0176,batches/0skzt81uyyipzs4wiunh75xwyzw4eqcejr1o,2026-06-01T14:02:20
EGD-0177,batches/0skzt81uyyipzs4wiunh75xwyzw4eqcejr1o,2026-06-01T14:02:20
EGD-0179,batches/0skzt81uyyipzs4wiunh75xwyzw4eqcejr1o,2026-06-01T14:02:20
EGD-0183,batches/0skzt81uyyipzs4wiunh75xwyzw4eqcejr1o,2026-06-01T14:02:20
EGD-0185,batches/0skzt81uyyipzs4wiunh75xwyzw4eqcejr1o,2026-06-01T14:02:20
EGD-0186,batches/0skzt81uyyipzs4wiunh75xwyzw4eqcejr1o,2026-06-01T14:02:20
EGD-0187,batches/0skzt81uyyipzs4wiunh75xwyzw4eqcejr1o,2026-06-01T14:02:20
EGD-0188,batches/0skzt81uyyipzs4wiunh75xwyzw4eqcejr1o,2026-06-01T14:02:20
EGD-0193,batches/lofqnjsclq1jfl57qmhz6t3v8bnc575y312j,2026-06-01T14:02:21
EGD-0194,batches/lofqnjsclq1jfl57qmhz6t3v8bnc575y312j,2026-06-01T14:02:21
EGD-0199,batches/lofqnjsclq1jfl57qmhz6t3v8bnc575y312j,2026-06-01T14:02:21
EGD-0203,batches/lofqnjsclq1jfl57qmhz6t3v8bnc575y312j,2026-06-01T14:02:21
EGD-0208,batches/lofqnjsclq1jfl57qmhz6t3v8bnc575y312j,2026-06-01T14:02:21
EGD-0211,batches/lofqnjsclq1jfl57qmhz6t3v8bnc575y312j,2026-06-01T14:02:21
EGD-0214,batches/lofqnjsclq1jfl57qmhz6t3v8bnc575y312j,2026-06-01T14:02:21
EGD-0215,batches/lofqnjsclq1jfl57qmhz6t3v8bnc575y312j,2026-06-01T14:02:21
EGD-0216,batches/lofqnjsclq1jfl57qmhz6t3v8bnc575y312j,2026-06-01T14:02:21
EGD-0217,batches/lofqnjsclq1jfl57qmhz6t3v8bnc575y312j,2026-06-01T14:02:21
EGD-0221,batches/lofqnjsclq1jfl57qmhz6t3v8bnc575y312j,2026-06-01T14:02:21
EGD-0224,batches/lofqnjsclq1jfl57qmhz6t3v8bnc575y312j,2026-06-01T14:02:21
EGD-0226,batches/lofqnjsclq1jfl57qmhz6t3v8bnc575y312j,2026-06-01T14:02:21
EGD-0228,batches/lofqnjsclq1jfl57qmhz6t3v8bnc575y312j,2026-06-01T14:02:21
EGD-0229,batches/lofqnjsclq1jfl57qmhz6t3v8bnc575y312j,2026-06-01T14:02:21
EGD-0230,batches/lofqnjsclq1jfl57qmhz6t3v8bnc575y312j,2026-06-01T14:02:21
EGD-0232,batches/lofqnjsclq1jfl57qmhz6t3v8bnc575y312j,2026-06-01T14:02:21
EGD-0233,batches/lofqnjsclq1jfl57qmhz6t3v8bnc575y312j,2026-06-01T14:02:21
EGD-0234,batches/lofqnjsclq1jfl57qmhz6t3v8bnc575y312j,2026-06-01T14:02:21
EGD-0236,batches/lofqnjsclq1jfl57qmhz6t3v8bnc575y312j,2026-06-01T14:02:21
EGD-0240,batches/lofqnjsclq1jfl57qmhz6t3v8bnc575y312j,2026-06-01T14:02:21
EGD-0241,batches/lofqnjsclq1jfl57qmhz6t3v8bnc575y312j,2026-06-01T14:02:21
EGD-0243,batches/lofqnjsclq1jfl57qmhz6t3v8bnc575y312j,2026-06-01T14:02:21
EGD-0244,batches/lofqnjsclq1jfl57qmhz6t3v8bnc575y312j,2026-06-01T14:02:21
EGD-0253,batches/lofqnjsclq1jfl57qmhz6t3v8bnc575y312j,2026-06-01T14:02:21
EGD-0254,batches/lofqnjsclq1jfl57qmhz6t3v8bnc575y312j,2026-06-01T14:02:21
EGD-0256,batches/lofqnjsclq1jfl57qmhz6t3v8bnc575y312j,2026-06-01T14:02:21
EGD-0263,batches/lofqnjsclq1jfl57qmhz6t3v8bnc575y312j,2026-06-01T14:02:21
EGD-0268,batches/lofqnjsclq1jfl57qmhz6t3v8bnc575y312j,2026-06-01T14:02:21
EGD-0276,batches/lofqnjsclq1jfl57qmhz6t3v8bnc575y312j,2026-06-01T14:02:21
EGD-0279,batches/lofqnjsclq1jfl57qmhz6t3v8bnc575y312j,2026-06-01T14:02:21
EGD-0280,batches/lofqnjsclq1jfl57qmhz6t3v8bnc575y312j,2026-06-01T14:02:21
EGD-0282,batches/lofqnjsclq1jfl57qmhz6t3v8bnc575y312j,2026-06-01T14:02:21
EGD-0285,batches/lofqnjsclq1jfl57qmhz6t3v8bnc575y312j,2026-06-01T14:02:21
EGD-0286,batches/lofqnjsclq1jfl57qmhz6t3v8bnc575y312j,2026-06-01T14:02:21
EGD-0297,batches/lofqnjsclq1jfl57qmhz6t3v8bnc575y312j,2026-06-01T14:02:21
EGD-0299,batches/lofqnjsclq1jfl57qmhz6t3v8bnc575y312j,2026-06-01T14:02:21
EGD-0301,batches/lofqnjsclq1jfl57qmhz6t3v8bnc575y312j,2026-06-01T14:02:21
EGD-0306,batches/lofqnjsclq1jfl57qmhz6t3v8bnc575y312j,2026-06-01T14:02:21
EGD-0309,batches/lofqnjsclq1jfl57qmhz6t3v8bnc575y312j,2026-06-01T14:02:21
EGD-0311,batches/tha4qyngzjhf3fz2735dhqptkjejwbwbw36q,2026-06-01T14:11:17
EGD-0312,batches/tha4qyngzjhf3fz2735dhqptkjejwbwbw36q,2026-06-01T14:11:17
EGD-0313,batches/tha4qyngzjhf3fz2735dhqptkjejwbwbw36q,2026-06-01T14:11:17
EGD-0314,batches/tha4qyngzjhf3fz2735dhqptkjejwbwbw36q,2026-06-01T14:11:17
EGD-0318,batches/tha4qyngzjhf3fz2735dhqptkjejwbwbw36q,2026-06-01T14:11:17
EGD-0325,batches/tha4qyngzjhf3fz2735dhqptkjejwbwbw36q,2026-06-01T14:11:17
EGD-0330,batches/tha4qyngzjhf3fz2735dhqptkjejwbwbw36q,2026-06-01T14:11:17
EGD-0332,batches/tha4qyngzjhf3fz2735dhqptkjejwbwbw36q,2026-06-01T14:11:17
EGD-0336,batches/tha4qyngzjhf3fz2735dhqptkjejwbwbw36q,2026-06-01T14:11:17
EGD-0340,batches/tha4qyngzjhf3fz2735dhqptkjejwbwbw36q,2026-06-01T14:11:17
EGD-0346,batches/tha4qyngzjhf3fz2735dhqptkjejwbwbw36q,2026-06-01T14:11:17
EGD-0351,batches/tha4qyngzjhf3fz2735dhqptkjejwbwbw36q,2026-06-01T14:11:17
EGD-0352,batches/tha4qyngzjhf3fz2735dhqptkjejwbwbw36q,2026-06-01T14:11:17
EGD-0354,batches/tha4qyngzjhf3fz2735dhqptkjejwbwbw36q,2026-06-01T14:11:17
EGD-0355,batches/tha4qyngzjhf3fz2735dhqptkjejwbwbw36q,2026-06-01T14:11:17
EGD-0356,batches/tha4qyngzjhf3fz2735dhqptkjejwbwbw36q,2026-06-01T14:11:17
EGD-0363,batches/tha4qyngzjhf3fz2735dhqptkjejwbwbw36q,2026-06-01T14:11:17
EGD-0366,batches/tha4qyngzjhf3fz2735dhqptkjejwbwbw36q,2026-06-01T14:11:17
EGD-0368,batches/tha4qyngzjhf3fz2735dhqptkjejwbwbw36q,2026-06-01T14:11:17
EGD-0369,batches/tha4qyngzjhf3fz2735dhqptkjejwbwbw36q,2026-06-01T14:11:17
EGD-0370,batches/tha4qyngzjhf3fz2735dhqptkjejwbwbw36q,2026-06-01T14:11:17
EGD-0377,batches/tha4qyngzjhf3fz2735dhqptkjejwbwbw36q,2026-06-01T14:11:17
EGD-0378,batches/tha4qyngzjhf3fz2735dhqptkjejwbwbw36q,2026-06-01T14:11:17
EGD-0385,batches/tha4qyngzjhf3fz2735dhqptkjejwbwbw36q,2026-06-01T14:11:17
EGD-0387,batches/tha4qyngzjhf3fz2735dhqptkjejwbwbw36q,2026-06-01T14:11:17
EGD-0388,batches/tha4qyngzjhf3fz2735dhqptkjejwbwbw36q,2026-06-01T14:11:17
EGD-0392,batches/tha4qyngzjhf3fz2735dhqptkjejwbwbw36q,2026-06-01T14:11:17
EGD-0395,batches/tha4qyngzjhf3fz2735dhqptkjejwbwbw36q,2026-06-01T14:11:17
EGD-0397,batches/tha4qyngzjhf3fz2735dhqptkjejwbwbw36q,2026-06-01T14:11:17
EGD-0403,batches/tha4qyngzjhf3fz2735dhqptkjejwbwbw36q,2026-06-01T14:11:17
EGD-0405,batches/tha4qyngzjhf3fz2735dhqptkjejwbwbw36q,2026-06-01T14:11:17
EGD-0410,batches/tha4qyngzjhf3fz2735dhqptkjejwbwbw36q,2026-06-01T14:11:17
EGD-0411,batches/tha4qyngzjhf3fz2735dhqptkjejwbwbw36q,2026-06-01T14:11:17
EGD-0413,batches/tha4qyngzjhf3fz2735dhqptkjejwbwbw36q,2026-06-01T14:11:17
EGD-0415,batches/tha4qyngzjhf3fz2735dhqptkjejwbwbw36q,2026-06-01T14:11:17
EGD-0420,batches/tha4qyngzjhf3fz2735dhqptkjejwbwbw36q,2026-06-01T14:11:17
EGD-0421,batches/tha4qyngzjhf3fz2735dhqptkjejwbwbw36q,2026-06-01T14:11:17
EGD-0426,batches/tha4qyngzjhf3fz2735dhqptkjejwbwbw36q,2026-06-01T14:11:17
EGD-0431,batches/tha4qyngzjhf3fz2735dhqptkjejwbwbw36q,2026-06-01T14:11:17
EGD-0434,batches/tha4qyngzjhf3fz2735dhqptkjejwbwbw36q,2026-06-01T14:11:17
EGD-0439,batches/tl96ykd2upf3nr1v7oymwyzpw6bommast349,2026-06-01T14:11:18
EGD-0440,batches/tl96ykd2upf3nr1v7oymwyzpw6bommast349,2026-06-01T14:11:18
EGD-0442,batches/tl96ykd2upf3nr1v7oymwyzpw6bommast349,2026-06-01T14:11:18
EGD-0447,batches/tl96ykd2upf3nr1v7oymwyzpw6bommast349,2026-06-01T14:11:18
EGD-0450,batches/tl96ykd2upf3nr1v7oymwyzpw6bommast349,2026-06-01T14:11:18
EGD-0453,batches/tl96ykd2upf3nr1v7oymwyzpw6bommast349,2026-06-01T14:11:18
EGD-0461,batches/tl96ykd2upf3nr1v7oymwyzpw6bommast349,2026-06-01T14:11:18
EGD-0466,batches/tl96ykd2upf3nr1v7oymwyzpw6bommast349,2026-06-01T14:11:18
EGD-0472,batches/tl96ykd2upf3nr1v7oymwyzpw6bommast349,2026-06-01T14:11:18
EGD-0474,batches/tl96ykd2upf3nr1v7oymwyzpw6bommast349,2026-06-01T14:11:18
EGD-0479,batches/tl96ykd2upf3nr1v7oymwyzpw6bommast349,2026-06-01T14:11:18
EGD-0482,batches/tl96ykd2upf3nr1v7oymwyzpw6bommast349,2026-06-01T14:11:18
EGD-0485,batches/tl96ykd2upf3nr1v7oymwyzpw6bommast349,2026-06-01T14:11:18
EGD-0486,batches/tl96ykd2upf3nr1v7oymwyzpw6bommast349,2026-06-01T14:11:18
EGD-0487,batches/tl96ykd2upf3nr1v7oymwyzpw6bommast349,2026-06-01T14:11:18
EGD-0490,batches/tl96ykd2upf3nr1v7oymwyzpw6bommast349,2026-06-01T14:11:18
EGD-0495,batches/tl96ykd2upf3nr1v7oymwyzpw6bommast349,2026-06-01T14:11:18
EGD-0499,batches/tl96ykd2upf3nr1v7oymwyzpw6bommast349,2026-06-01T14:11:18
EGD-0501,batches/tl96ykd2upf3nr1v7oymwyzpw6bommast349,2026-06-01T14:11:18
EGD-0505,batches/tl96ykd2upf3nr1v7oymwyzpw6bommast349,2026-06-01T14:11:18
EGD-0506,batches/tl96ykd2upf3nr1v7oymwyzpw6bommast349,2026-06-01T14:11:18
EGD-0508,batches/tl96ykd2upf3nr1v7oymwyzpw6bommast349,2026-06-01T14:11:18
EGD-0509,batches/tl96ykd2upf3nr1v7oymwyzpw6bommast349,2026-06-01T14:11:18
EGD-0511,batches/tl96ykd2upf3nr1v7oymwyzpw6bommast349,2026-06-01T14:11:18
EGD-0514,batches/tl96ykd2upf3nr1v7oymwyzpw6bommast349,2026-06-01T14:11:18
EGD-0516,batches/tl96ykd2upf3nr1v7oymwyzpw6bommast349,2026-06-01T14:11:18
EGD-0518,batches/tl96ykd2upf3nr1v7oymwyzpw6bommast349,2026-06-01T14:11:18
EGD-0521,batches/tl96ykd2upf3nr1v7oymwyzpw6bommast349,2026-06-01T14:11:18
EGD-0523,batches/tl96ykd2upf3nr1v7oymwyzpw6bommast349,2026-06-01T14:11:18
EGD-0529,batches/tl96ykd2upf3nr1v7oymwyzpw6bommast349,2026-06-01T14:11:18
EGD-0531,batches/tl96ykd2upf3nr1v7oymwyzpw6bommast349,2026-06-01T14:11:18
EGD-0535,batches/tl96ykd2upf3nr1v7oymwyzpw6bommast349,2026-06-01T14:11:18
EGD-0537,batches/tl96ykd2upf3nr1v7oymwyzpw6bommast349,2026-06-01T14:11:18
EGD-0539,batches/tl96ykd2upf3nr1v7oymwyzpw6bommast349,2026-06-01T14:11:18
EGD-0541,batches/tl96ykd2upf3nr1v7oymwyzpw6bommast349,2026-06-01T14:11:18
EGD-0544,batches/tl96ykd2upf3nr1v7oymwyzpw6bommast349,2026-06-01T14:11:18
EGD-0547,batches/tl96ykd2upf3nr1v7oymwyzpw6bommast349,2026-06-01T14:11:18
EGD-0553,batches/tl96ykd2upf3nr1v7oymwyzpw6bommast349,2026-06-01T14:11:18
EGD-0561,batches/tl96ykd2upf3nr1v7oymwyzpw6bommast349,2026-06-01T14:11:18
EGD-0564,batches/tl96ykd2upf3nr1v7oymwyzpw6bommast349,2026-06-01T14:11:18
EGD-0565,batches/utgczzmdvwyeb5rbx9xfme3y64vwb12fl0xm,2026-06-01T14:11:19
EGD-0567,batches/utgczzmdvwyeb5rbx9xfme3y64vwb12fl0xm,2026-06-01T14:11:19
EGD-0568,batches/utgczzmdvwyeb5rbx9xfme3y64vwb12fl0xm,2026-06-01T14:11:19
EGD-0572,batches/utgczzmdvwyeb5rbx9xfme3y64vwb12fl0xm,2026-06-01T14:11:19
EGD-0577,batches/utgczzmdvwyeb5rbx9xfme3y64vwb12fl0xm,2026-06-01T14:11:19
EGD-0585,batches/utgczzmdvwyeb5rbx9xfme3y64vwb12fl0xm,2026-06-01T14:11:19
EGD-0586,batches/utgczzmdvwyeb5rbx9xfme3y64vwb12fl0xm,2026-06-01T14:11:19
EGD-0587,batches/utgczzmdvwyeb5rbx9xfme3y64vwb12fl0xm,2026-06-01T14:11:19
EGD-0589,batches/utgczzmdvwyeb5rbx9xfme3y64vwb12fl0xm,2026-06-01T14:11:19
EGD-0593,batches/utgczzmdvwyeb5rbx9xfme3y64vwb12fl0xm,2026-06-01T14:11:19
EGD-0596,batches/utgczzmdvwyeb5rbx9xfme3y64vwb12fl0xm,2026-06-01T14:11:19
EGD-0601,batches/utgczzmdvwyeb5rbx9xfme3y64vwb12fl0xm,2026-06-01T14:11:19
EGD-0602,batches/utgczzmdvwyeb5rbx9xfme3y64vwb12fl0xm,2026-06-01T14:11:19
EGD-0605,batches/utgczzmdvwyeb5rbx9xfme3y64vwb12fl0xm,2026-06-01T14:11:19
EGD-0606,batches/utgczzmdvwyeb5rbx9xfme3y64vwb12fl0xm,2026-06-01T14:11:19
EGD-0608,batches/utgczzmdvwyeb5rbx9xfme3y64vwb12fl0xm,2026-06-01T14:11:19
EGD-0621,batches/utgczzmdvwyeb5rbx9xfme3y64vwb12fl0xm,2026-06-01T14:11:19
EGD-0622,batches/utgczzmdvwyeb5rbx9xfme3y64vwb12fl0xm,2026-06-01T14:11:19
EGD-0626,batches/utgczzmdvwyeb5rbx9xfme3y64vwb12fl0xm,2026-06-01T14:11:19
EGD-0627,batches/utgczzmdvwyeb5rbx9xfme3y64vwb12fl0xm,2026-06-01T14:11:19
EGD-0631,batches/utgczzmdvwyeb5rbx9xfme3y64vwb12fl0xm,2026-06-01T14:11:19
EGD-0633,batches/utgczzmdvwyeb5rbx9xfme3y64vwb12fl0xm,2026-06-01T14:11:19
EGD-0636,batches/utgczzmdvwyeb5rbx9xfme3y64vwb12fl0xm,2026-06-01T14:11:19
EGD-0647,batches/utgczzmdvwyeb5rbx9xfme3y64vwb12fl0xm,2026-06-01T14:11:19
EGD-0648,batches/utgczzmdvwyeb5rbx9xfme3y64vwb12fl0xm,2026-06-01T14:11:19
EGD-0655,batches/utgczzmdvwyeb5rbx9xfme3y64vwb12fl0xm,2026-06-01T14:11:19
EGD-0656,batches/utgczzmdvwyeb5rbx9xfme3y64vwb12fl0xm,2026-06-01T14:11:19
EGD-0659,batches/utgczzmdvwyeb5rbx9xfme3y64vwb12fl0xm,2026-06-01T14:11:19
EGD-0664,batches/utgczzmdvwyeb5rbx9xfme3y64vwb12fl0xm,2026-06-01T14:11:19
EGD-0665,batches/utgczzmdvwyeb5rbx9xfme3y64vwb12fl0xm,2026-06-01T14:11:19
EGD-0668,batches/utgczzmdvwyeb5rbx9xfme3y64vwb12fl0xm,2026-06-01T14:11:19
EGD-0669,batches/utgczzmdvwyeb5rbx9xfme3y64vwb12fl0xm,2026-06-01T14:11:19
EGD-0677,batches/utgczzmdvwyeb5rbx9xfme3y64vwb12fl0xm,2026-06-01T14:11:19
EGD-0687,batches/utgczzmdvwyeb5rbx9xfme3y64vwb12fl0xm,2026-06-01T14:11:19
EGD-0688,batches/utgczzmdvwyeb5rbx9xfme3y64vwb12fl0xm,2026-06-01T14:11:19
EGD-0689,batches/utgczzmdvwyeb5rbx9xfme3y64vwb12fl0xm,2026-06-01T14:11:19
EGD-0698,batches/utgczzmdvwyeb5rbx9xfme3y64vwb12fl0xm,2026-06-01T14:11:19
EGD-0700,batches/utgczzmdvwyeb5rbx9xfme3y64vwb12fl0xm,2026-06-01T14:11:19
EGD-0703,batches/utgczzmdvwyeb5rbx9xfme3y64vwb12fl0xm,2026-06-01T14:11:19
EGD-0705,batches/utgczzmdvwyeb5rbx9xfme3y64vwb12fl0xm,2026-06-01T14:11:19
EGD-0710,batches/r2vbx0ozywy0uwysacedq9pe2kxx5elfx98j,2026-06-01T14:11:20
EGD-0720,batches/r2vbx0ozywy0uwysacedq9pe2kxx5elfx98j,2026-06-01T14:11:20
EGD-0728,batches/r2vbx0ozywy0uwysacedq9pe2kxx5elfx98j,2026-06-01T14:11:20
EGD-0729,batches/r2vbx0ozywy0uwysacedq9pe2kxx5elfx98j,2026-06-01T14:11:20
EGD-0730,batches/r2vbx0ozywy0uwysacedq9pe2kxx5elfx98j,2026-06-01T14:11:20
EGD-0737,batches/r2vbx0ozywy0uwysacedq9pe2kxx5elfx98j,2026-06-01T14:11:20
EGD-0738,batches/r2vbx0ozywy0uwysacedq9pe2kxx5elfx98j,2026-06-01T14:11:20
EGD-0739,batches/r2vbx0ozywy0uwysacedq9pe2kxx5elfx98j,2026-06-01T14:11:20
EGD-0742,batches/r2vbx0ozywy0uwysacedq9pe2kxx5elfx98j,2026-06-01T14:11:20
EGD-0744,batches/r2vbx0ozywy0uwysacedq9pe2kxx5elfx98j,2026-06-01T14:11:20
EGD-0754,batches/r2vbx0ozywy0uwysacedq9pe2kxx5elfx98j,2026-06-01T14:11:20
EGD-0757,batches/r2vbx0ozywy0uwysacedq9pe2kxx5elfx98j,2026-06-01T14:11:20
EGD-0758,batches/r2vbx0ozywy0uwysacedq9pe2kxx5elfx98j,2026-06-01T14:11:20
EGD-0764,batches/r2vbx0ozywy0uwysacedq9pe2kxx5elfx98j,2026-06-01T14:11:20
EGD-0765,batches/r2vbx0ozywy0uwysacedq9pe2kxx5elfx98j,2026-06-01T14:11:20
EGD-0771,batches/r2vbx0ozywy0uwysacedq9pe2kxx5elfx98j,2026-06-01T14:11:20
EGD-0773,batches/r2vbx0ozywy0uwysacedq9pe2kxx5elfx98j,2026-06-01T14:11:20
UCSF-PDGM-008,batches/r2vbx0ozywy0uwysacedq9pe2kxx5elfx98j,2026-06-01T14:11:20
UCSF-PDGM-018,batches/r2vbx0ozywy0uwysacedq9pe2kxx5elfx98j,2026-06-01T14:11:20
UCSF-PDGM-031,batches/r2vbx0ozywy0uwysacedq9pe2kxx5elfx98j,2026-06-01T14:11:20
UCSF-PDGM-056,batches/r2vbx0ozywy0uwysacedq9pe2kxx5elfx98j,2026-06-01T14:11:20
UCSF-PDGM-058,batches/r2vbx0ozywy0uwysacedq9pe2kxx5elfx98j,2026-06-01T14:11:20
UCSF-PDGM-082,batches/r2vbx0ozywy0uwysacedq9pe2kxx5elfx98j,2026-06-01T14:11:20
UCSF-PDGM-083,batches/r2vbx0ozywy0uwysacedq9pe2kxx5elfx98j,2026-06-01T14:11:20
UCSF-PDGM-089,batches/r2vbx0ozywy0uwysacedq9pe2kxx5elfx98j,2026-06-01T14:11:20
UCSF-PDGM-113,batches/r2vbx0ozywy0uwysacedq9pe2kxx5elfx98j,2026-06-01T14:11:20
UCSF-PDGM-121,batches/r2vbx0ozywy0uwysacedq9pe2kxx5elfx98j,2026-06-01T14:11:20
UCSF-PDGM-123,batches/r2vbx0ozywy0uwysacedq9pe2kxx5elfx98j,2026-06-01T14:11:20
UCSF-PDGM-152,batches/r2vbx0ozywy0uwysacedq9pe2kxx5elfx98j,2026-06-01T14:11:20
UCSF-PDGM-166,batches/r2vbx0ozywy0uwysacedq9pe2kxx5elfx98j,2026-06-01T14:11:20
UCSF-PDGM-182,batches/r2vbx0ozywy0uwysacedq9pe2kxx5elfx98j,2026-06-01T14:11:20
UCSF-PDGM-197,batches/r2vbx0ozywy0uwysacedq9pe2kxx5elfx98j,2026-06-01T14:11:20
UCSF-PDGM-214,batches/r2vbx0ozywy0uwysacedq9pe2kxx5elfx98j,2026-06-01T14:11:20
UCSF-PDGM-215,batches/r2vbx0ozywy0uwysacedq9pe2kxx5elfx98j,2026-06-01T14:11:20
UCSF-PDGM-231,batches/r2vbx0ozywy0uwysacedq9pe2kxx5elfx98j,2026-06-01T14:11:20
UCSF-PDGM-232,batches/r2vbx0ozywy0uwysacedq9pe2kxx5elfx98j,2026-06-01T14:11:20
UCSF-PDGM-233,batches/r2vbx0ozywy0uwysacedq9pe2kxx5elfx98j,2026-06-01T14:11:20
UCSF-PDGM-234,batches/r2vbx0ozywy0uwysacedq9pe2kxx5elfx98j,2026-06-01T14:11:20
UCSF-PDGM-235,batches/r2vbx0ozywy0uwysacedq9pe2kxx5elfx98j,2026-06-01T14:11:20
UCSF-PDGM-236,batches/r2vbx0ozywy0uwysacedq9pe2kxx5elfx98j,2026-06-01T14:11:20
UCSF-PDGM-237,batches/463ykldvfvdhl4oa5v4s7thg7zr6o6aovrkd,2026-06-01T14:11:21
UCSF-PDGM-238,batches/463ykldvfvdhl4oa5v4s7thg7zr6o6aovrkd,2026-06-01T14:11:21
UCSF-PDGM-239,batches/463ykldvfvdhl4oa5v4s7thg7zr6o6aovrkd,2026-06-01T14:11:21
UCSF-PDGM-240,batches/463ykldvfvdhl4oa5v4s7thg7zr6o6aovrkd,2026-06-01T14:11:21
UCSF-PDGM-241,batches/463ykldvfvdhl4oa5v4s7thg7zr6o6aovrkd,2026-06-01T14:11:21
UCSF-PDGM-242,batches/463ykldvfvdhl4oa5v4s7thg7zr6o6aovrkd,2026-06-01T14:11:21
UCSF-PDGM-243,batches/463ykldvfvdhl4oa5v4s7thg7zr6o6aovrkd,2026-06-01T14:11:21
UCSF-PDGM-244,batches/463ykldvfvdhl4oa5v4s7thg7zr6o6aovrkd,2026-06-01T14:11:21
UCSF-PDGM-245,batches/463ykldvfvdhl4oa5v4s7thg7zr6o6aovrkd,2026-06-01T14:11:21
UCSF-PDGM-246,batches/463ykldvfvdhl4oa5v4s7thg7zr6o6aovrkd,2026-06-01T14:11:21
UCSF-PDGM-247,batches/463ykldvfvdhl4oa5v4s7thg7zr6o6aovrkd,2026-06-01T14:11:21
UCSF-PDGM-248,batches/463ykldvfvdhl4oa5v4s7thg7zr6o6aovrkd,2026-06-01T14:11:21
UCSF-PDGM-250,batches/463ykldvfvdhl4oa5v4s7thg7zr6o6aovrkd,2026-06-01T14:11:21
UCSF-PDGM-251,batches/463ykldvfvdhl4oa5v4s7thg7zr6o6aovrkd,2026-06-01T14:11:21
UCSF-PDGM-252,batches/463ykldvfvdhl4oa5v4s7thg7zr6o6aovrkd,2026-06-01T14:11:21
UCSF-PDGM-253,batches/463ykldvfvdhl4oa5v4s7thg7zr6o6aovrkd,2026-06-01T14:11:21
UCSF-PDGM-255,batches/463ykldvfvdhl4oa5v4s7thg7zr6o6aovrkd,2026-06-01T14:11:21
UCSF-PDGM-256,batches/463ykldvfvdhl4oa5v4s7thg7zr6o6aovrkd,2026-06-01T14:11:21
UCSF-PDGM-257,batches/463ykldvfvdhl4oa5v4s7thg7zr6o6aovrkd,2026-06-01T14:11:21
UCSF-PDGM-258,batches/463ykldvfvdhl4oa5v4s7thg7zr6o6aovrkd,2026-06-01T14:11:21
UCSF-PDGM-259,batches/463ykldvfvdhl4oa5v4s7thg7zr6o6aovrkd,2026-06-01T14:11:21
UCSF-PDGM-260,batches/463ykldvfvdhl4oa5v4s7thg7zr6o6aovrkd,2026-06-01T14:11:21
UCSF-PDGM-261,batches/463ykldvfvdhl4oa5v4s7thg7zr6o6aovrkd,2026-06-01T14:11:21
UCSF-PDGM-262,batches/463ykldvfvdhl4oa5v4s7thg7zr6o6aovrkd,2026-06-01T14:11:21
UCSF-PDGM-264,batches/463ykldvfvdhl4oa5v4s7thg7zr6o6aovrkd,2026-06-01T14:11:21
UCSF-PDGM-265,batches/463ykldvfvdhl4oa5v4s7thg7zr6o6aovrkd,2026-06-01T14:11:21
UCSF-PDGM-266,batches/463ykldvfvdhl4oa5v4s7thg7zr6o6aovrkd,2026-06-01T14:11:21
UCSF-PDGM-267,batches/463ykldvfvdhl4oa5v4s7thg7zr6o6aovrkd,2026-06-01T14:11:21
UCSF-PDGM-269,batches/463ykldvfvdhl4oa5v4s7thg7zr6o6aovrkd,2026-06-01T14:11:21
UCSF-PDGM-272,batches/463ykldvfvdhl4oa5v4s7thg7zr6o6aovrkd,2026-06-01T14:11:21
UCSF-PDGM-274,batches/463ykldvfvdhl4oa5v4s7thg7zr6o6aovrkd,2026-06-01T14:11:21
UCSF-PDGM-281,batches/463ykldvfvdhl4oa5v4s7thg7zr6o6aovrkd,2026-06-01T14:11:21
UCSF-PDGM-282,batches/463ykldvfvdhl4oa5v4s7thg7zr6o6aovrkd,2026-06-01T14:11:21
UCSF-PDGM-285,batches/463ykldvfvdhl4oa5v4s7thg7zr6o6aovrkd,2026-06-01T14:11:21
UCSF-PDGM-286,batches/463ykldvfvdhl4oa5v4s7thg7zr6o6aovrkd,2026-06-01T14:11:21
UCSF-PDGM-295,batches/463ykldvfvdhl4oa5v4s7thg7zr6o6aovrkd,2026-06-01T14:11:21
UCSF-PDGM-298,batches/463ykldvfvdhl4oa5v4s7thg7zr6o6aovrkd,2026-06-01T14:11:21
UCSF-PDGM-300,batches/463ykldvfvdhl4oa5v4s7thg7zr6o6aovrkd,2026-06-01T14:11:21
UCSF-PDGM-303,batches/463ykldvfvdhl4oa5v4s7thg7zr6o6aovrkd,2026-06-01T14:11:21
UCSF-PDGM-304,batches/463ykldvfvdhl4oa5v4s7thg7zr6o6aovrkd,2026-06-01T14:11:21
UCSF-PDGM-305,batches/d63woiy4qzze35tctve0lprfk870kz2asksc,2026-06-01T14:11:22
UCSF-PDGM-307,batches/d63woiy4qzze35tctve0lprfk870kz2asksc,2026-06-01T14:11:22
UCSF-PDGM-308,batches/d63woiy4qzze35tctve0lprfk870kz2asksc,2026-06-01T14:11:22
UCSF-PDGM-318,batches/d63woiy4qzze35tctve0lprfk870kz2asksc,2026-06-01T14:11:22
UCSF-PDGM-326,batches/d63woiy4qzze35tctve0lprfk870kz2asksc,2026-06-01T14:11:22
UCSF-PDGM-331,batches/d63woiy4qzze35tctve0lprfk870kz2asksc,2026-06-01T14:11:22
UCSF-PDGM-339,batches/d63woiy4qzze35tctve0lprfk870kz2asksc,2026-06-01T14:11:22
UCSF-PDGM-356,batches/d63woiy4qzze35tctve0lprfk870kz2asksc,2026-06-01T14:11:22
UCSF-PDGM-367,batches/d63woiy4qzze35tctve0lprfk870kz2asksc,2026-06-01T14:11:22
UCSF-PDGM-388,batches/d63woiy4qzze35tctve0lprfk870kz2asksc,2026-06-01T14:11:22
UCSF-PDGM-396,batches/d63woiy4qzze35tctve0lprfk870kz2asksc,2026-06-01T14:11:22
UCSF-PDGM-402,batches/d63woiy4qzze35tctve0lprfk870kz2asksc,2026-06-01T14:11:22
UCSF-PDGM-407,batches/d63woiy4qzze35tctve0lprfk870kz2asksc,2026-06-01T14:11:22
UCSF-PDGM-416,batches/d63woiy4qzze35tctve0lprfk870kz2asksc,2026-06-01T14:11:22
UCSF-PDGM-422,batches/d63woiy4qzze35tctve0lprfk870kz2asksc,2026-06-01T14:11:22
UCSF-PDGM-432,batches/d63woiy4qzze35tctve0lprfk870kz2asksc,2026-06-01T14:11:22
UCSF-PDGM-435,batches/d63woiy4qzze35tctve0lprfk870kz2asksc,2026-06-01T14:11:22
UCSF-PDGM-437,batches/d63woiy4qzze35tctve0lprfk870kz2asksc,2026-06-01T14:11:22
UCSF-PDGM-438,batches/d63woiy4qzze35tctve0lprfk870kz2asksc,2026-06-01T14:11:22
UCSF-PDGM-439,batches/d63woiy4qzze35tctve0lprfk870kz2asksc,2026-06-01T14:11:22
UCSF-PDGM-440,batches/d63woiy4qzze35tctve0lprfk870kz2asksc,2026-06-01T14:11:22
UCSF-PDGM-441,batches/d63woiy4qzze35tctve0lprfk870kz2asksc,2026-06-01T14:11:22
UCSF-PDGM-444,batches/d63woiy4qzze35tctve0lprfk870kz2asksc,2026-06-01T14:11:22
UCSF-PDGM-445,batches/d63woiy4qzze35tctve0lprfk870kz2asksc,2026-06-01T14:11:22
UCSF-PDGM-446,batches/d63woiy4qzze35tctve0lprfk870kz2asksc,2026-06-01T14:11:22
UCSF-PDGM-455,batches/d63woiy4qzze35tctve0lprfk870kz2asksc,2026-06-01T14:11:22
UCSF-PDGM-460,batches/d63woiy4qzze35tctve0lprfk870kz2asksc,2026-06-01T14:11:22
UCSF-PDGM-461,batches/d63woiy4qzze35tctve0lprfk870kz2asksc,2026-06-01T14:11:22
UCSF-PDGM-468,batches/d63woiy4qzze35tctve0lprfk870kz2asksc,2026-06-01T14:11:22
UCSF-PDGM-469,batches/d63woiy4qzze35tctve0lprfk870kz2asksc,2026-06-01T14:11:22
UCSF-PDGM-471,batches/d63woiy4qzze35tctve0lprfk870kz2asksc,2026-06-01T14:11:22
UCSF-PDGM-473,batches/d63woiy4qzze35tctve0lprfk870kz2asksc,2026-06-01T14:11:22
UCSF-PDGM-474,batches/d63woiy4qzze35tctve0lprfk870kz2asksc,2026-06-01T14:11:22
UCSF-PDGM-475,batches/d63woiy4qzze35tctve0lprfk870kz2asksc,2026-06-01T14:11:22
UCSF-PDGM-476,batches/d63woiy4qzze35tctve0lprfk870kz2asksc,2026-06-01T14:11:22
UCSF-PDGM-478,batches/d63woiy4qzze35tctve0lprfk870kz2asksc,2026-06-01T14:11:22
UCSF-PDGM-482,batches/d63woiy4qzze35tctve0lprfk870kz2asksc,2026-06-01T14:11:22
UCSF-PDGM-485,batches/d63woiy4qzze35tctve0lprfk870kz2asksc,2026-06-01T14:11:22
UCSF-PDGM-489,batches/d63woiy4qzze35tctve0lprfk870kz2asksc,2026-06-01T14:11:22
UCSF-PDGM-490,batches/d63woiy4qzze35tctve0lprfk870kz2asksc,2026-06-01T14:11:22
UCSF-PDGM-499,batches/rohlcmniu53bj5smh8z8q4t6m7k1jjj7xre2,2026-06-01T14:11:23
UCSF-PDGM-501,batches/rohlcmniu53bj5smh8z8q4t6m7k1jjj7xre2,2026-06-01T14:11:23
UCSF-PDGM-504,batches/rohlcmniu53bj5smh8z8q4t6m7k1jjj7xre2,2026-06-01T14:11:23
UCSF-PDGM-530,batches/rohlcmniu53bj5smh8z8q4t6m7k1jjj7xre2,2026-06-01T14:11:23
UCSF-PDGM-535,batches/rohlcmniu53bj5smh8z8q4t6m7k1jjj7xre2,2026-06-01T14:11:23
UCSF-PDGM-540,batches/rohlcmniu53bj5smh8z8q4t6m7k1jjj7xre2,2026-06-01T14:11:23
