folder_name,elapsed_s,timestamp
BraTS2021_00005,7.55,2026-06-03T18:20:13
BraTS2021_00012,5.89,2026-06-03T18:20:18
BraTS2021_00030,4.72,2026-06-03T18:20:23
BraTS2021_00031,5.27,2026-06-03T18:20:28
BraTS2021_00033,6.08,2026-06-03T18:20:35
BraTS2021_00043,7.15,2026-06-03T18:20:42
BraTS2021_00046,4.57,2026-06-03T18:20:46
BraTS2021_00047,6.15,2026-06-03T18:20:52
BraTS2021_00059,5.62,2026-06-03T18:20:58
BraTS2021_00061,4.4,2026-06-03T18:21:02
BraTS2021_00068,5.74,2026-06-03T18:21:08
BraTS2021_00077,4.39,2026-06-03T18:21:13
BraTS2021_00079,5.03,2026-06-03T18:21:18
BraTS2021_00084,5.19,2026-06-03T18:21:23
BraTS2021_00085,5.32,2026-06-03T18:21:28
BraTS2021_00089,4.29,2026-06-03T18:21:32
BraTS2021_00090,5.94,2026-06-03T18:21:38
BraTS2021_00096,5.38,2026-06-03T18:21:44
BraTS2021_00097,5.38,2026-06-03T18:21:49
BraTS2021_00100,4.81,2026-06-03T18:21:54
BraTS2021_00103,4.71,2026-06-03T18:21:59
BraTS2021_00119,5.84,2026-06-03T18:22:05
BraTS2021_00128,4.85,2026-06-03T18:22:09
BraTS2021_00130,5.46,2026-06-03T18:22:15
BraTS2021_00132,5.95,2026-06-03T18:22:21
BraTS2021_00134,5.95,2026-06-03T18:22:27
BraTS2021_00136,4.7,2026-06-03T18:22:31
BraTS2021_00139,5.53,2026-06-03T18:22:37
BraTS2021_00140,4.9,2026-06-03T18:22:42
BraTS2021_00143,4.71,2026-06-03T18:22:47
BraTS2021_00144,5.35,2026-06-03T18:22:52
BraTS2021_00146,5.94,2026-06-03T18:22:58
BraTS2021_00147,5.94,2026-06-03T18:23:04
BraTS2021_00148,4.93,2026-06-03T18:23:09
BraTS2021_00153,5.76,2026-06-03T18:23:15
BraTS2021_00159,7.32,2026-06-03T18:23:22
BraTS2021_00163,5.18,2026-06-03T18:23:27
BraTS2021_00185,5.42,2026-06-03T18:23:33
BraTS2021_00186,5.45,2026-06-03T18:23:38
BraTS2021_00187,5.27,2026-06-03T18:23:43
BraTS2021_00194,4.7,2026-06-03T18:23:48
BraTS2021_00195,6.27,2026-06-03T18:23:54
BraTS2021_00203,5.71,2026-06-03T18:24:00
BraTS2021_00210,5.9,2026-06-03T18:24:06
BraTS2021_00213,6.76,2026-06-03T18:24:13
BraTS2021_00217,6.59,2026-06-03T18:24:19
BraTS2021_00220,5.23,2026-06-03T18:24:24
BraTS2021_00229,4.86,2026-06-03T18:24:29
BraTS2021_00231,5.62,2026-06-03T18:24:35
BraTS2021_00236,5.45,2026-06-03T18:24:40
BraTS2021_00240,6.14,2026-06-03T18:24:47
BraTS2021_00241,5.99,2026-06-03T18:24:53
BraTS2021_00243,5.32,2026-06-03T18:24:58
BraTS2021_00253,6.24,2026-06-03T18:25:04
BraTS2021_00259,5.43,2026-06-03T18:25:10
BraTS2021_00266,5.0,2026-06-03T18:25:15
BraTS2021_00273,4.89,2026-06-03T18:25:19
BraTS2021_00274,5.08,2026-06-03T18:25:24
BraTS2021_00280,5.36,2026-06-03T18:25:30
BraTS2021_00281,5.05,2026-06-03T18:25:35
BraTS2021_00284,7.28,2026-06-03T18:25:42
BraTS2021_00294,5.85,2026-06-03T18:25:48
BraTS2021_00297,5.63,2026-06-03T18:25:54
BraTS2021_00300,7.44,2026-06-03T18:26:01
BraTS2021_00306,6.55,2026-06-03T18:26:08
BraTS2021_00313,6.53,2026-06-03T18:26:14
BraTS2021_00314,5.48,2026-06-03T18:26:20
BraTS2021_00317,5.54,2026-06-03T18:26:25
BraTS2021_00318,5.63,2026-06-03T18:26:31
BraTS2021_00327,5.84,2026-06-03T18:26:37
BraTS2021_00332,5.77,2026-06-03T18:26:43
BraTS2021_00334,5.23,2026-06-03T18:26:48
BraTS2021_00337,5.03,2026-06-03T18:26:53
BraTS2021_00339,5.18,2026-06-03T18:26:58
BraTS2021_00341,5.3,2026-06-03T18:27:03
BraTS2021_00347,5.98,2026-06-03T18:27:09
BraTS2021_00352,5.37,2026-06-03T18:27:15
BraTS2021_00366,6.01,2026-06-03T18:27:21
BraTS2021_00369,5.3,2026-06-03T18:27:26
BraTS2021_00375,6.9,2026-06-03T18:27:33
BraTS2021_00376,5.31,2026-06-03T18:27:38
BraTS2021_00378,6.16,2026-06-03T18:27:44
BraTS2021_00384,6.27,2026-06-03T18:27:51
BraTS2021_00389,5.12,2026-06-03T18:27:56
BraTS2021_00390,5.01,2026-06-03T18:28:01
BraTS2021_00399,5.73,2026-06-03T18:28:06
BraTS2021_00404,5.12,2026-06-03T18:28:12
BraTS2021_00407,6.88,2026-06-03T18:28:18
BraTS2021_00414,4.8,2026-06-03T18:28:23
BraTS2021_00418,5.64,2026-06-03T18:28:29
BraTS2021_00419,5.95,2026-06-03T18:28:35
BraTS2021_00425,5.95,2026-06-03T18:28:41
BraTS2021_00430,5.96,2026-06-03T18:28:47
BraTS2021_00432,7.54,2026-06-03T18:28:54
BraTS2021_00463,6.35,2026-06-03T18:29:01
BraTS2021_00466,6.19,2026-06-03T18:29:07
BraTS2021_00467,5.72,2026-06-03T18:29:13
BraTS2021_00470,4.64,2026-06-03T18:29:17
BraTS2021_00474,6.71,2026-06-03T18:29:24
BraTS2021_00477,4.91,2026-06-03T18:29:29
BraTS2021_00481,5.36,2026-06-03T18:29:34
BraTS2021_00489,6.24,2026-06-03T18:29:40
BraTS2021_00492,5.11,2026-06-03T18:29:46
BraTS2021_00500,4.75,2026-06-03T18:29:50
BraTS2021_00502,5.69,2026-06-03T18:29:56
BraTS2021_00504,6.39,2026-06-03T18:30:02
BraTS2021_00510,6.44,2026-06-03T18:30:09
BraTS2021_00514,5.35,2026-06-03T18:30:14
BraTS2021_00519,5.7,2026-06-03T18:30:20
BraTS2021_00521,4.96,2026-06-03T18:30:25
BraTS2021_00523,6.17,2026-06-03T18:30:31
BraTS2021_00525,6.0,2026-06-03T18:30:37
BraTS2021_00528,6.19,2026-06-03T18:30:43
BraTS2021_00529,5.98,2026-06-03T18:30:49
BraTS2021_00530,5.58,2026-06-03T18:30:55
BraTS2021_00532,6.32,2026-06-03T18:31:01
BraTS2021_00542,4.99,2026-06-03T18:31:06
BraTS2021_00543,5.84,2026-06-03T18:31:12
BraTS2021_00547,6.27,2026-06-03T18:31:18
BraTS2021_00558,5.5,2026-06-03T18:31:24
BraTS2021_00573,4.18,2026-06-03T18:31:28
BraTS2021_00578,4.54,2026-06-03T18:31:32
BraTS2021_00580,5.26,2026-06-03T18:31:38
BraTS2021_00582,4.53,2026-06-03T18:31:42
BraTS2021_00586,5.05,2026-06-03T18:31:47
BraTS2021_00588,7.02,2026-06-03T18:31:54
BraTS2021_00589,5.5,2026-06-03T18:32:00
BraTS2021_00592,4.74,2026-06-03T18:32:05
BraTS2021_00595,4.69,2026-06-03T18:32:09
BraTS2021_00604,6.01,2026-06-03T18:32:15
BraTS2021_00607,7.91,2026-06-03T18:32:23
BraTS2021_00610,5.29,2026-06-03T18:32:29
BraTS2021_00612,5.95,2026-06-03T18:32:34
BraTS2021_00621,5.55,2026-06-03T18:32:40
BraTS2021_00624,5.32,2026-06-03T18:32:45
BraTS2021_00636,5.45,2026-06-03T18:32:51
BraTS2021_00654,4.97,2026-06-03T18:32:56
BraTS2021_00656,6.34,2026-06-03T18:33:02
BraTS2021_00671,7.02,2026-06-03T18:33:09
BraTS2021_00674,5.99,2026-06-03T18:33:15
BraTS2021_00680,6.21,2026-06-03T18:33:21
BraTS2021_00682,606.93,2026-06-03T18:43:28
BraTS2021_00686,5.12,2026-06-03T18:43:33
BraTS2021_00692,4.58,2026-06-03T18:43:38
BraTS2021_00693,4.55,2026-06-03T18:43:43
BraTS2021_00697,4.81,2026-06-03T18:43:47
BraTS2021_00705,4.66,2026-06-03T18:43:52
BraTS2021_00707,5.46,2026-06-03T18:43:58
BraTS2021_00718,6.83,2026-06-03T18:44:04
BraTS2021_00721,5.44,2026-06-03T18:44:10
BraTS2021_00723,5.11,2026-06-03T18:44:15
BraTS2021_00724,4.0,2026-06-03T18:44:19
BraTS2021_00735,5.47,2026-06-03T18:44:24
BraTS2021_00736,5.11,2026-06-03T18:44:30
BraTS2021_00737,5.59,2026-06-03T18:44:35
BraTS2021_00746,5.72,2026-06-03T18:44:41
BraTS2021_00756,5.84,2026-06-03T18:44:47
BraTS2021_00757,4.95,2026-06-03T18:44:52
BraTS2021_00768,4.77,2026-06-03T18:44:56
BraTS2021_00774,5.42,2026-06-03T18:45:02
BraTS2021_00778,4.39,2026-06-03T18:45:06
BraTS2021_00833,6.34,2026-06-03T18:45:13
BraTS2021_00834,5.69,2026-06-03T18:45:18
BraTS2021_00840,5.15,2026-06-03T18:45:23
BraTS2021_00999,4.3,2026-06-03T18:45:28
BraTS2021_01027,5.14,2026-06-03T18:45:33
BraTS2021_01035,4.88,2026-06-03T18:45:38
BraTS2021_01038,5.53,2026-06-03T18:45:43
BraTS2021_01043,5.19,2026-06-03T18:45:48
BraTS2021_01045,5.31,2026-06-03T18:45:54
BraTS2021_01058,4.47,2026-06-03T18:45:58
BraTS2021_01063,6.46,2026-06-03T18:46:05
BraTS2021_01064,4.24,2026-06-03T18:46:09
BraTS2021_01072,4.51,2026-06-03T18:46:14
BraTS2021_01076,4.78,2026-06-03T18:46:18
BraTS2021_01078,5.18,2026-06-03T18:46:23
BraTS2021_01083,4.56,2026-06-03T18:46:28
BraTS2021_01084,5.84,2026-06-03T18:46:34
BraTS2021_01085,4.95,2026-06-03T18:46:39
BraTS2021_01086,5.06,2026-06-03T18:46:44
BraTS2021_01096,5.39,2026-06-03T18:46:49
BraTS2021_01104,4.98,2026-06-03T18:46:54
BraTS2021_01108,5.75,2026-06-03T18:47:00
BraTS2021_01112,5.17,2026-06-03T18:47:05
BraTS2021_01115,4.29,2026-06-03T18:47:10
BraTS2021_01124,6.16,2026-06-03T18:47:16
BraTS2021_01127,4.34,2026-06-03T18:47:20
BraTS2021_01133,5.11,2026-06-03T18:47:25
BraTS2021_01135,5.03,2026-06-03T18:47:30
BraTS2021_01136,5.43,2026-06-03T18:47:36
BraTS2021_01142,4.09,2026-06-03T18:47:40
BraTS2021_01143,4.69,2026-06-03T18:47:44
BraTS2021_01153,4.73,2026-06-03T18:47:49
BraTS2021_01160,5.03,2026-06-03T18:47:54
BraTS2021_01203,6.66,2026-06-03T18:48:01
BraTS2021_01204,5.12,2026-06-03T18:48:06
BraTS2021_01210,4.56,2026-06-03T18:48:11
BraTS2021_01225,5.51,2026-06-03T18:48:16
BraTS2021_01247,5.24,2026-06-03T18:48:21
BraTS2021_01253,5.08,2026-06-03T18:48:26
BraTS2021_01262,5.39,2026-06-03T18:48:32
BraTS2021_01265,6.41,2026-06-03T18:48:38
BraTS2021_01266,5.93,2026-06-03T18:48:44
BraTS2021_01267,4.46,2026-06-03T18:48:49
BraTS2021_01273,4.84,2026-06-03T18:48:53
BraTS2021_01276,4.68,2026-06-03T18:48:58
BraTS2021_01277,5.4,2026-06-03T18:49:04
BraTS2021_01279,5.11,2026-06-03T18:49:09
BraTS2021_01290,4.77,2026-06-03T18:49:13
BraTS2021_01295,4.24,2026-06-03T18:49:18
BraTS2021_01441,5.08,2026-06-03T18:49:23
BraTS2021_01450,6.37,2026-06-03T18:49:29
BraTS2021_01456,4.97,2026-06-03T18:49:34
BraTS2021_01458,5.52,2026-06-03T18:49:40
BraTS2021_01459,5.72,2026-06-03T18:49:45
BraTS2021_01476,4.88,2026-06-03T18:49:50
BraTS2021_01477,4.74,2026-06-03T18:49:55
BraTS2021_01478,5.68,2026-06-03T18:50:01
BraTS2021_01479,5.35,2026-06-03T18:50:06
BraTS2021_01483,4.91,2026-06-03T18:50:11
BraTS2021_01484,5.44,2026-06-03T18:50:16
BraTS2021_01485,4.87,2026-06-03T18:50:21
BraTS2021_01487,5.15,2026-06-03T18:50:26
BraTS2021_01489,4.47,2026-06-03T18:50:31
BraTS2021_01490,4.15,2026-06-03T18:50:35
BraTS2021_01491,4.75,2026-06-03T18:50:40
BraTS2021_01494,5.34,2026-06-03T18:50:45
BraTS2021_01495,4.82,2026-06-03T18:50:50
BraTS2021_01497,4.69,2026-06-03T18:50:55
BraTS2021_01498,4.7,2026-06-03T18:50:59
BraTS2021_01499,4.62,2026-06-03T18:51:04
BraTS2021_01500,4.22,2026-06-03T18:51:08
BraTS2021_01501,5.88,2026-06-03T18:51:14
BraTS2021_01502,6.57,2026-06-03T18:51:21
BraTS2021_01503,6.05,2026-06-03T18:51:27
BraTS2021_01504,6.2,2026-06-03T18:51:33
BraTS2021_01505,4.9,2026-06-03T18:51:38
BraTS2021_01506,6.88,2026-06-03T18:51:45
BraTS2021_01507,5.64,2026-06-03T18:51:50
BraTS2021_01508,5.94,2026-06-03T18:51:56
BraTS2021_01510,6.57,2026-06-03T18:52:03
BraTS2021_01511,6.49,2026-06-03T18:52:09
BraTS2021_01512,6.05,2026-06-03T18:52:15
BraTS2021_01513,6.03,2026-06-03T18:52:22
BraTS2021_01514,5.88,2026-06-03T18:52:27
BraTS2021_01515,4.92,2026-06-03T18:52:32
BraTS2021_01517,5.68,2026-06-03T18:52:38
BraTS2021_01518,5.64,2026-06-03T18:52:44
BraTS2021_01520,6.39,2026-06-03T18:52:50
BraTS2021_01521,5.78,2026-06-03T18:52:56
BraTS2021_01522,5.53,2026-06-03T18:53:01
BraTS2021_01523,4.8,2026-06-03T18:53:06
BraTS2021_01524,7.37,2026-06-03T18:53:14
BraTS2021_01526,7.21,2026-06-03T18:53:21
BraTS2021_01527,5.18,2026-06-03T18:53:26
BraTS2021_01528,5.1,2026-06-03T18:53:31
BraTS2021_01529,6.8,2026-06-03T18:53:38
BraTS2021_01531,7.02,2026-06-03T18:53:45
BraTS2021_01532,6.33,2026-06-03T18:53:51
BraTS2021_01533,5.32,2026-06-03T18:53:57
BraTS2021_01534,6.85,2026-06-03T18:54:03
BraTS2021_01535,6.49,2026-06-03T18:54:10
BraTS2021_01536,6.36,2026-06-03T18:54:16
BraTS2021_01663,7.76,2026-06-03T18:54:24
BraTS2021_01664,6.16,2026-06-03T18:54:30
BraTS2021_01665,7.08,2026-06-03T18:54:37
BraTS2021_01666,5.56,2026-06-03T18:54:43
BraTS2021_01679,7.51,2026-06-03T18:54:50
BraTS2021_01690,5.25,2026-06-03T18:54:56
BraTS2021_01694,4.74,2026-06-03T18:55:00
BraTS2021_01701,5.72,2026-06-03T18:55:06
BraTS2021_01718,6.72,2026-06-03T18:55:13
BraTS2021_01720,6.67,2026-06-03T18:55:20
BraTS2021_01721,5.79,2026-06-03T18:55:25
BraTS2021_01722,5.6,2026-06-03T18:55:31
BraTS2021_01724,6.63,2026-06-03T18:55:38
BraTS2021_01725,5.86,2026-06-03T18:55:43
BraTS2021_01726,6.52,2026-06-03T18:55:50
BraTS2021_01727,6.85,2026-06-03T18:55:57
BraTS2021_01728,7.28,2026-06-03T18:56:04
BraTS2021_01729,6.49,2026-06-03T18:56:11
BraTS2021_01731,5.72,2026-06-03T18:56:16
BraTS2021_01732,7.08,2026-06-03T18:56:23
BraTS2021_01733,5.97,2026-06-03T18:56:29
BraTS2021_01735,6.28,2026-06-03T18:56:36
BraTS2021_01736,6.48,2026-06-03T18:56:42
BraTS2021_01737,5.23,2026-06-03T18:56:47
BraTS2021_01738,6.83,2026-06-03T18:56:54
BraTS2021_01742,5.94,2026-06-03T18:57:00
BraTS2021_01743,5.65,2026-06-03T18:57:06
BraTS2021_01744,6.45,2026-06-03T18:57:12
BraTS2021_01745,7.84,2026-06-03T18:57:20
BraTS2021_01746,5.87,2026-06-03T18:57:26
BraTS2021_01747,7.17,2026-06-03T18:57:33
BraTS2021_01748,5.46,2026-06-03T18:57:39
BraTS2021_01749,6.16,2026-06-03T18:57:45
BraTS2021_01750,8.44,2026-06-03T18:57:53
BraTS2021_01752,6.14,2026-06-03T18:57:59
BraTS2021_01754,5.81,2026-06-03T18:58:05
BraTS2021_01755,5.83,2026-06-03T18:58:11
BraTS2021_01774,6.83,2026-06-03T18:58:18
BraTS2021_01776,5.79,2026-06-03T18:58:24
EGD-0004,5.49,2026-06-03T18:58:29
EGD-0008,5.67,2026-06-03T18:58:35
EGD-0011,5.68,2026-06-03T18:58:41
EGD-0020,6.14,2026-06-03T18:58:47
EGD-0022,6.33,2026-06-03T18:58:53
EGD-0024,5.31,2026-06-03T18:58:58
EGD-0026,4.87,2026-06-03T18:59:03
EGD-0029,6.16,2026-06-03T18:59:09
EGD-0033,4.63,2026-06-03T18:59:14
EGD-0050,5.64,2026-06-03T18:59:20
EGD-0053,5.58,2026-06-03T18:59:25
EGD-0055,4.75,2026-06-03T18:59:30
EGD-0057,5.99,2026-06-03T18:59:36
EGD-0058,5.29,2026-06-03T18:59:41
EGD-0062,6.15,2026-06-03T18:59:47
EGD-0066,8.46,2026-06-03T18:59:56
EGD-0068,7.03,2026-06-03T19:00:03
EGD-0072,5.14,2026-06-03T19:00:08
EGD-0074,6.74,2026-06-03T19:00:15
EGD-0078,6.57,2026-06-03T19:00:21
EGD-0081,6.54,2026-06-03T19:00:28
EGD-0083,6.25,2026-06-03T19:00:34
EGD-0086,7.25,2026-06-03T19:00:41
EGD-0088,6.75,2026-06-03T19:00:48
EGD-0090,7.06,2026-06-03T19:00:55
EGD-0094,6.75,2026-06-03T19:01:02
EGD-0101,8.29,2026-06-03T19:01:10
EGD-0106,7.16,2026-06-03T19:01:17
EGD-0107,6.45,2026-06-03T19:01:24
EGD-0109,6.79,2026-06-03T19:01:31
EGD-0110,7.43,2026-06-03T19:01:38
EGD-0111,6.03,2026-06-03T19:01:44
EGD-0118,9.1,2026-06-03T19:01:53
EGD-0121,5.67,2026-06-03T19:01:59
EGD-0122,5.72,2026-06-03T19:02:05
EGD-0123,6.44,2026-06-03T19:02:11
EGD-0126,6.0,2026-06-03T19:02:17
EGD-0128,6.17,2026-06-03T19:02:23
EGD-0131,4.64,2026-06-03T19:02:28
EGD-0132,6.65,2026-06-03T19:02:35
EGD-0133,6.96,2026-06-03T19:02:42
EGD-0137,6.92,2026-06-03T19:02:49
EGD-0143,7.1,2026-06-03T19:02:56
EGD-0145,6.11,2026-06-03T19:03:02
EGD-0146,5.21,2026-06-03T19:03:07
EGD-0155,5.67,2026-06-03T19:03:13
EGD-0160,6.35,2026-06-03T19:03:19
EGD-0162,6.3,2026-06-03T19:03:25
EGD-0168,6.5,2026-06-03T19:03:32
EGD-0172,5.93,2026-06-03T19:03:38
EGD-0176,5.02,2026-06-03T19:03:43
EGD-0177,6.08,2026-06-03T19:03:49
EGD-0179,5.76,2026-06-03T19:03:55
EGD-0183,5.61,2026-06-03T19:04:00
EGD-0185,6.69,2026-06-03T19:04:07
EGD-0186,5.57,2026-06-03T19:04:12
EGD-0187,5.23,2026-06-03T19:04:18
EGD-0188,5.5,2026-06-03T19:04:23
EGD-0193,5.39,2026-06-03T19:04:29
EGD-0194,5.51,2026-06-03T19:04:34
EGD-0199,5.85,2026-06-03T19:04:40
EGD-0203,5.7,2026-06-03T19:04:46
EGD-0208,6.47,2026-06-03T19:04:52
EGD-0211,8.87,2026-06-03T19:05:01
EGD-0214,5.71,2026-06-03T19:05:07
EGD-0215,6.89,2026-06-03T19:05:14
EGD-0216,5.07,2026-06-03T19:05:19
EGD-0217,6.22,2026-06-03T19:05:25
EGD-0221,6.45,2026-06-03T19:05:31
EGD-0224,5.37,2026-06-03T19:05:37
EGD-0226,7.81,2026-06-03T19:05:45
EGD-0228,5.28,2026-06-03T19:05:50
EGD-0229,5.1,2026-06-03T19:05:55
EGD-0230,5.52,2026-06-03T19:06:01
EGD-0232,5.63,2026-06-03T19:06:06
EGD-0233,6.77,2026-06-03T19:06:13
EGD-0234,5.54,2026-06-03T19:06:18
EGD-0236,6.72,2026-06-03T19:06:25
EGD-0240,5.59,2026-06-03T19:06:31
EGD-0241,4.93,2026-06-03T19:06:36
EGD-0243,6.45,2026-06-03T19:06:42
EGD-0244,7.16,2026-06-03T19:06:49
EGD-0253,5.52,2026-06-03T19:06:55
EGD-0254,5.63,2026-06-03T19:07:01
EGD-0256,5.2,2026-06-03T19:07:06
EGD-0263,4.93,2026-06-03T19:07:11
EGD-0268,5.32,2026-06-03T19:07:16
EGD-0276,8.4,2026-06-03T19:07:24
EGD-0279,6.62,2026-06-03T19:07:31
EGD-0280,5.54,2026-06-03T19:07:37
EGD-0282,6.81,2026-06-03T19:07:43
EGD-0285,5.83,2026-06-03T19:07:49
EGD-0286,6.16,2026-06-03T19:07:55
EGD-0297,5.77,2026-06-03T19:08:01
EGD-0299,6.62,2026-06-03T19:08:08
EGD-0301,6.04,2026-06-03T19:08:14
EGD-0306,7.26,2026-06-03T19:08:21
EGD-0309,6.06,2026-06-03T19:08:27
EGD-0311,4.93,2026-06-03T19:08:32
EGD-0312,5.07,2026-06-03T19:08:37
EGD-0313,7.04,2026-06-03T19:08:44
EGD-0314,5.59,2026-06-03T19:08:50
EGD-0318,7.52,2026-06-03T19:08:57
EGD-0325,5.32,2026-06-03T19:09:03
EGD-0330,5.84,2026-06-03T19:09:09
EGD-0332,5.74,2026-06-03T19:09:14
EGD-0336,6.86,2026-06-03T19:09:21
EGD-0340,7.77,2026-06-03T19:09:29
EGD-0346,5.73,2026-06-03T19:09:35
EGD-0351,8.19,2026-06-03T19:09:43
EGD-0352,8.8,2026-06-03T19:09:52
EGD-0354,6.55,2026-06-03T19:09:58
EGD-0355,8.19,2026-06-03T19:10:06
EGD-0356,7.48,2026-06-03T19:10:14
EGD-0363,6.07,2026-06-03T19:10:20
EGD-0366,5.56,2026-06-03T19:10:26
EGD-0368,6.49,2026-06-03T19:10:32
EGD-0369,5.94,2026-06-03T19:10:38
EGD-0370,5.79,2026-06-03T19:10:44
EGD-0377,7.08,2026-06-03T19:10:51
EGD-0378,4.76,2026-06-03T19:10:56
EGD-0385,6.9,2026-06-03T19:11:03
EGD-0387,7.58,2026-06-03T19:11:10
EGD-0388,5.31,2026-06-03T19:11:15
EGD-0392,5.41,2026-06-03T19:11:21
EGD-0395,5.33,2026-06-03T19:11:26
EGD-0397,6.35,2026-06-03T19:11:33
EGD-0403,4.97,2026-06-03T19:11:37
EGD-0405,6.9,2026-06-03T19:11:44
EGD-0410,6.76,2026-06-03T19:11:51
EGD-0411,5.83,2026-06-03T19:11:57
EGD-0413,5.96,2026-06-03T19:12:03
EGD-0415,7.86,2026-06-03T19:12:11
EGD-0420,7.33,2026-06-03T19:12:18
EGD-0421,5.52,2026-06-03T19:12:24
EGD-0426,5.53,2026-06-03T19:12:29
EGD-0431,6.77,2026-06-03T19:12:36
EGD-0434,5.48,2026-06-03T19:12:41
EGD-0439,6.65,2026-06-03T19:12:48
EGD-0440,5.21,2026-06-03T19:12:53
EGD-0442,5.9,2026-06-03T19:12:59
EGD-0447,5.54,2026-06-03T19:13:05
EGD-0450,6.04,2026-06-03T19:13:11
EGD-0453,5.46,2026-06-03T19:13:16
EGD-0461,7.74,2026-06-03T19:13:24
EGD-0466,6.82,2026-06-03T19:13:31
EGD-0472,6.85,2026-06-03T19:13:38
EGD-0474,8.03,2026-06-03T19:13:46
EGD-0479,5.7,2026-06-03T19:13:51
EGD-0482,6.64,2026-06-03T19:13:58
EGD-0485,5.83,2026-06-03T19:14:04
EGD-0486,7.3,2026-06-03T19:14:11
EGD-0487,6.39,2026-06-03T19:14:18
EGD-0490,5.88,2026-06-03T19:14:24
EGD-0495,8.14,2026-06-03T19:14:32
EGD-0499,6.9,2026-06-03T19:14:39
EGD-0501,7.25,2026-06-03T19:14:46
EGD-0505,6.12,2026-06-03T19:14:52
EGD-0506,6.36,2026-06-03T19:14:58
EGD-0508,6.74,2026-06-03T19:15:05
EGD-0509,6.42,2026-06-03T19:15:12
EGD-0511,6.13,2026-06-03T19:15:18
EGD-0514,4.55,2026-06-03T19:15:22
EGD-0516,5.42,2026-06-03T19:15:28
EGD-0518,5.41,2026-06-03T19:15:33
EGD-0521,6.88,2026-06-03T19:15:40
EGD-0523,7.47,2026-06-03T19:15:47
EGD-0529,6.53,2026-06-03T19:15:54
EGD-0531,6.22,2026-06-03T19:16:00
EGD-0535,4.75,2026-06-03T19:16:05
EGD-0537,5.29,2026-06-03T19:16:10
EGD-0539,6.95,2026-06-03T19:16:17
EGD-0541,5.99,2026-06-03T19:16:23
EGD-0544,9.04,2026-06-03T19:16:32
EGD-0547,5.89,2026-06-03T19:16:38
EGD-0553,6.66,2026-06-03T19:16:45
EGD-0561,7.44,2026-06-03T19:16:52
EGD-0564,6.83,2026-06-03T19:16:59
EGD-0565,6.78,2026-06-03T19:17:06
EGD-0567,6.68,2026-06-03T19:17:13
EGD-0568,6.62,2026-06-03T19:17:19
EGD-0572,6.61,2026-06-03T19:17:26
EGD-0577,6.22,2026-06-03T19:17:32
EGD-0585,6.42,2026-06-03T19:17:38
EGD-0586,6.32,2026-06-03T19:17:45
EGD-0587,6.34,2026-06-03T19:17:51
EGD-0589,6.64,2026-06-03T19:17:58
EGD-0593,5.4,2026-06-03T19:18:03
EGD-0596,6.59,2026-06-03T19:18:10
EGD-0601,7.46,2026-06-03T19:18:17
EGD-0602,5.84,2026-06-03T19:18:23
EGD-0605,6.27,2026-06-03T19:18:29
EGD-0606,6.92,2026-06-03T19:18:36
EGD-0608,6.35,2026-06-03T19:18:43
EGD-0621,5.91,2026-06-03T19:18:49
EGD-0622,5.48,2026-06-03T19:18:54
EGD-0626,6.53,2026-06-03T19:19:01
EGD-0627,6.89,2026-06-03T19:19:07
EGD-0631,8.04,2026-06-03T19:19:15
EGD-0633,6.04,2026-06-03T19:19:22
EGD-0636,6.24,2026-06-03T19:19:28
EGD-0647,5.63,2026-06-03T19:19:33
EGD-0648,5.64,2026-06-03T19:19:39
EGD-0655,6.22,2026-06-03T19:19:45
EGD-0656,7.06,2026-06-03T19:19:52
EGD-0659,5.59,2026-06-03T19:19:58
EGD-0664,6.15,2026-06-03T19:20:04
EGD-0665,5.19,2026-06-03T19:20:09
EGD-0668,7.95,2026-06-03T19:20:17
EGD-0669,5.84,2026-06-03T19:20:23
EGD-0677,5.61,2026-06-03T19:20:29
EGD-0687,5.82,2026-06-03T19:20:35
EGD-0688,5.63,2026-06-03T19:20:40
EGD-0689,6.92,2026-06-03T19:20:47
EGD-0698,4.95,2026-06-03T19:20:52
EGD-0700,5.84,2026-06-03T19:20:58
EGD-0703,5.81,2026-06-03T19:21:04
EGD-0705,6.47,2026-06-03T19:21:10
EGD-0710,7.7,2026-06-03T19:21:18
EGD-0720,5.8,2026-06-03T19:21:24
EGD-0728,4.46,2026-06-03T19:21:28
EGD-0729,5.82,2026-06-03T19:21:34
EGD-0730,8.57,2026-06-03T19:21:43
EGD-0737,5.5,2026-06-03T19:21:48
EGD-0738,5.54,2026-06-03T19:21:54
EGD-0739,5.24,2026-06-03T19:21:59
EGD-0742,5.56,2026-06-03T19:22:04
EGD-0744,4.75,2026-06-03T19:22:09
EGD-0754,5.83,2026-06-03T19:22:15
EGD-0757,5.67,2026-06-03T19:22:21
EGD-0758,5.94,2026-06-03T19:22:27
EGD-0764,6.0,2026-06-03T19:22:33
EGD-0765,5.3,2026-06-03T19:22:38
EGD-0771,7.57,2026-06-03T19:22:45
EGD-0773,6.04,2026-06-03T19:22:52
UCSF-PDGM-008,4.91,2026-06-03T19:22:56
UCSF-PDGM-018,6.14,2026-06-03T19:23:03
UCSF-PDGM-031,7.82,2026-06-03T19:23:10
UCSF-PDGM-056,5.07,2026-06-03T19:23:15
UCSF-PDGM-058,6.15,2026-06-03T19:23:22
UCSF-PDGM-082,5.07,2026-06-03T19:23:27
UCSF-PDGM-083,5.74,2026-06-03T19:23:32
UCSF-PDGM-089,7.51,2026-06-03T19:23:40
UCSF-PDGM-113,5.78,2026-06-03T19:23:46
UCSF-PDGM-121,5.99,2026-06-03T19:23:52
UCSF-PDGM-123,6.52,2026-06-03T19:23:58
UCSF-PDGM-152,5.5,2026-06-03T19:24:04
UCSF-PDGM-166,5.82,2026-06-03T19:24:10
UCSF-PDGM-182,4.58,2026-06-03T19:24:14
UCSF-PDGM-197,4.31,2026-06-03T19:24:19
UCSF-PDGM-214,4.57,2026-06-03T19:24:23
UCSF-PDGM-215,5.3,2026-06-03T19:24:28
UCSF-PDGM-231,4.76,2026-06-03T19:24:33
UCSF-PDGM-232,5.51,2026-06-03T19:24:39
UCSF-PDGM-233,5.78,2026-06-03T19:24:44
UCSF-PDGM-234,5.7,2026-06-03T19:24:50
UCSF-PDGM-235,5.54,2026-06-03T19:24:56
UCSF-PDGM-236,5.64,2026-06-03T19:25:01
UCSF-PDGM-237,4.72,2026-06-03T19:25:06
UCSF-PDGM-238,6.02,2026-06-03T19:25:12
UCSF-PDGM-239,6.35,2026-06-03T19:25:18
UCSF-PDGM-240,5.98,2026-06-03T19:25:24
UCSF-PDGM-241,7.05,2026-06-03T19:25:32
UCSF-PDGM-242,6.25,2026-06-03T19:25:38
UCSF-PDGM-243,6.09,2026-06-03T19:25:44
UCSF-PDGM-244,8.11,2026-06-03T19:25:52
UCSF-PDGM-245,6.27,2026-06-03T19:25:58
UCSF-PDGM-246,7.62,2026-06-03T19:26:06
UCSF-PDGM-247,4.81,2026-06-03T19:26:11
UCSF-PDGM-248,5.62,2026-06-03T19:26:16
UCSF-PDGM-250,7.02,2026-06-03T19:26:23
UCSF-PDGM-251,5.42,2026-06-03T19:26:29
UCSF-PDGM-252,5.37,2026-06-03T19:26:34
UCSF-PDGM-253,5.59,2026-06-03T19:26:40
UCSF-PDGM-255,5.87,2026-06-03T19:26:46
UCSF-PDGM-256,6.74,2026-06-03T19:26:52
UCSF-PDGM-257,5.33,2026-06-03T19:26:58
UCSF-PDGM-258,6.2,2026-06-03T19:27:04
UCSF-PDGM-259,5.37,2026-06-03T19:27:09
UCSF-PDGM-260,6.24,2026-06-03T19:27:16
UCSF-PDGM-261,6.38,2026-06-03T19:27:22
UCSF-PDGM-262,5.62,2026-06-03T19:27:28
UCSF-PDGM-264,6.41,2026-06-03T19:27:34
UCSF-PDGM-265,5.32,2026-06-03T19:27:39
UCSF-PDGM-266,5.83,2026-06-03T19:27:45
UCSF-PDGM-267,5.88,2026-06-03T19:27:51
UCSF-PDGM-269,4.56,2026-06-03T19:27:56
UCSF-PDGM-272,5.42,2026-06-03T19:28:01
UCSF-PDGM-274,5.4,2026-06-03T19:28:06
UCSF-PDGM-281,8.15,2026-06-03T19:28:15
UCSF-PDGM-282,5.81,2026-06-03T19:28:20
UCSF-PDGM-285,5.68,2026-06-03T19:28:26
UCSF-PDGM-286,6.38,2026-06-03T19:28:32
UCSF-PDGM-295,5.18,2026-06-03T19:28:38
UCSF-PDGM-298,6.46,2026-06-03T19:28:44
UCSF-PDGM-300,7.07,2026-06-03T19:28:51
UCSF-PDGM-303,5.63,2026-06-03T19:28:57
UCSF-PDGM-304,5.51,2026-06-03T19:29:02
UCSF-PDGM-305,6.06,2026-06-03T19:29:08
UCSF-PDGM-307,5.61,2026-06-03T19:29:14
UCSF-PDGM-308,4.63,2026-06-03T19:29:19
UCSF-PDGM-318,5.89,2026-06-03T19:29:25
UCSF-PDGM-326,5.42,2026-06-03T19:29:30
UCSF-PDGM-331,5.71,2026-06-03T19:29:36
UCSF-PDGM-339,6.33,2026-06-03T19:29:42
UCSF-PDGM-356,4.94,2026-06-03T19:29:47
UCSF-PDGM-367,5.14,2026-06-03T19:29:52
UCSF-PDGM-388,5.88,2026-06-03T19:29:58
UCSF-PDGM-396,6.92,2026-06-03T19:30:05
UCSF-PDGM-402,4.81,2026-06-03T19:30:10
UCSF-PDGM-407,5.11,2026-06-03T19:30:15
UCSF-PDGM-416,5.61,2026-06-03T19:30:20
UCSF-PDGM-422,4.96,2026-06-03T19:30:25
UCSF-PDGM-432,5.23,2026-06-03T19:30:31
UCSF-PDGM-435,4.35,2026-06-03T19:30:35
UCSF-PDGM-437,6.14,2026-06-03T19:30:41
UCSF-PDGM-438,7.58,2026-06-03T19:30:49
UCSF-PDGM-439,5.37,2026-06-03T19:30:54
UCSF-PDGM-440,5.59,2026-06-03T19:31:00
UCSF-PDGM-441,6.01,2026-06-03T19:31:06
UCSF-PDGM-444,5.93,2026-06-03T19:31:12
UCSF-PDGM-445,5.42,2026-06-03T19:31:17
UCSF-PDGM-446,4.94,2026-06-03T19:31:22
UCSF-PDGM-455,5.79,2026-06-03T19:31:28
UCSF-PDGM-460,5.24,2026-06-03T19:31:33
UCSF-PDGM-461,5.31,2026-06-03T19:31:38
UCSF-PDGM-468,5.13,2026-06-03T19:31:44
UCSF-PDGM-469,4.57,2026-06-03T19:31:48
UCSF-PDGM-471,7.19,2026-06-03T19:31:55
UCSF-PDGM-473,6.64,2026-06-03T19:32:02
UCSF-PDGM-474,5.78,2026-06-03T19:32:08
UCSF-PDGM-475,5.25,2026-06-03T19:32:13
UCSF-PDGM-476,5.03,2026-06-03T19:32:18
UCSF-PDGM-478,4.36,2026-06-03T19:32:22
UCSF-PDGM-482,6.06,2026-06-03T19:32:28
UCSF-PDGM-485,4.98,2026-06-03T19:32:33
UCSF-PDGM-489,4.8,2026-06-03T19:32:38
UCSF-PDGM-490,5.79,2026-06-03T19:32:44
UCSF-PDGM-499,5.54,2026-06-03T19:32:50
UCSF-PDGM-501,6.62,2026-06-03T19:32:56
UCSF-PDGM-504,5.24,2026-06-03T19:33:01
UCSF-PDGM-530,5.6,2026-06-03T19:33:07
UCSF-PDGM-535,5.04,2026-06-03T19:33:12
UCSF-PDGM-540,5.74,2026-06-03T19:33:18
